GRB;numbreaks;lc type;NH_gal;Redshift;Flares
Swift J164449.3+573451;0;TBD;0.0175;0.354;[]
SGR 1830-0645;0;No breaks;1.1;N/A;[]
GRB 240905E;1;One-break;0.093;N/A;[]
GRB 240828B;0;No breaks;0.29;N/A;[]
GRB 240828A;0;No breaks;0.0128;N/A;[]
GRB 240825A;4;Canonical;0.0528;0.659;[]
GRB 240824B;0;No breaks;0.0336;N/A;[]
GRB 240819A;0;TBD;;N/A;[]
GRB 240819A;0;TBD;0.95;N/A;[]
GRB 240811A;2;Canonical;0.0198;N/A;[]
GRB 240809A;2;Oddball;0.15;1.494;[]
GRB 240805B;3;Canonical;0.0761;N/A;[(71.3, 77.9), (129, 167), (272, 514), (1008, 1757)]
GRB 240805A;1;One-break;0.23;N/A;[]
GRB 240730A;0;No breaks;0.78;N/A;[]
GRB 240727A;2;Oddball;0.0364;N/A;[]
GRB 240715A;0;TBD;0.0151;N/A;[]
GRB 240712A;0;TBD;0.89;N/A;[]
GRB 240619A;0;No breaks;0.0285;N/A;[]
GRB 240606B;0;No breaks;0.0242;N/A;[]
GRB 240529A;5;Canonical;0.41;2.695;[(107, 127), (223, 288)]
GRB 240527B;1;One-break;0.0568;N/A;[]
GRB 240523A;2;Canonical;0.0157;N/A;[]
GRB 240516A;0;TBD;;N/A;[]
GRB 240513A;0;No breaks;0.0704;N/A;[]
GRB 240511A;4;Canonical;0.0849;N/A;[(109, 423)]
GRB 240421B;1;One-break;0.12;N/A;[]
GRB 240419B;1;One-break;0.0684;N/A;[(159, 194), (314, 456)]
GRB 240419A;2;Canonical;0.0663;5.178;[]
GRB 240418A;0;No breaks;0.0526;N/A;[]
GRB 240415A;0;No breaks;0.0249;N/A;[]
GRB 240414A;0;No breaks;0.014;N/A;[]
GRB 240411B;0;No breaks;0.11;N/A;[(160, 288)]
GRB 240225B;0;No breaks;0.04;N/A;[]
GRB 240222A;0;No breaks;0.17;N/A;[]
GRB 240218A;1;One-break;0.0419;6.782;[(188, 275)]
GRB 240215A;0;TBD;0.0276;N/A;[]
GRB 240204A;1;One-break;0.64;N/A;[]
GRB 240123A;3;Canonical;0.0145;N/A;[]
GRB 240122A;0;TBD;;N/A;[]
GRB 240122A;0;No breaks;0.1;N/A;[]
GRB 240118A;0;No breaks;0.0713;N/A;[]
GRB 240112C;1;One-break;0.13;N/A;[]
GRB 240102A;1;One-break;0.23;N/A;[(116, 215)]
GRB 240101B;2;Oddball;0.29;N/A;[(239, 704)]
GRB 240101A;0;No breaks;0.0584;N/A;[]
GRB 231230A;1;One-break;0.0131;N/A;[]
GRB 231222B;0;TBD;;N/A;[]
GRB 231222B;0;No breaks;0.0713;N/A;[]
GRB 231216A;0;No breaks;0.0836;N/A;[(670, 2000)]
GRB 231215A;0;No breaks;0.42;2.305;[(40000.0, 130000.0)]
GRB 231214A;0;No breaks;0.0546;N/A;[]
GRB 231210B;2;Canonical;0.0405;3.13;[]
GRB 231205B;1;One-break;0.15;N/A;[]
GRB 231129C;0;TBD;0.0969;N/A;[]
GRB 231129A;4;Canonical;0.59;N/A;[]
GRB 231118A;1;One-break;0.0188;0.8304;[]
GRB 231117A;0;No breaks;0.0614;0.257;[]
GRB 231111A;2;Canonical;0.13;N/A;[(178, 16400.0)]
GRB 231110A;0;TBD;0.19;N/A;[]
GRB 231104A;1;One-break;0.13;N/A;[(597, 983)]
GRB 230911C;0;No breaks;0.0936;N/A;[(684, 814)]
GRB 230911A;0;TBD;;N/A;[]
GRB 230903A;0;No breaks;0.0268;N/A;[]
GRB 230827B;0;No breaks;0.3;N/A;[]
GRB 230826A;2;Canonical;0.15;N/A;[]
GRB 230818A;2;Canonical;0.11;N/A;[]
GRB 230816A;1;One-break;0.29;N/A;[]
GRB 230815A;4;Oddball;0.49;N/A;[]
GRB 230812B;0;No breaks;0.0202;N/A;[]
GRB 230805B;0;TBD;0.0141;N/A;[]
GRB 230802A;2;Oddball;0.34;N/A;[(96.3, 506)]
GRB 230728A;1;One-break;0.0629;N/A;[(501, 6046)]
GRB 230723B;0;No breaks;0.22;N/A;[]
GRB 230628E;0;No breaks;0.0435;N/A;[]
GRB 230622A;0;TBD;0.0902;N/A;[]
GRB 230618A;2;Oddball;0.0214;N/A;[(118, 182)]
GRB 230606A;0;No breaks;0.0232;N/A;[]
GRB 230510A;2;Oddball;0.19;N/A;[(91.6, 116), (259, 313)]
GRB 230506C;0;No breaks;0.0224;N/A;[]
GRB 230506B;1;One-break;0.38;N/A;[]
GRB 230427A;0;No breaks;0.00836;N/A;[]
GRB 230423A;0;No breaks;0.2;N/A;[]
GRB 230420A;3;Oddball;0.0171;N/A;[]
GRB 230414B;2;Canonical;0.0168;3.568;[(370, 708)]
GRB 230409B;1;One-break;0.76;N/A;[]
GRB 230405B;2;Oddball;0.16;N/A;[(646, 4838)]
GRB 230328B;1;One-break;0.0628;N/A;[(94.4, 262)]
GRB 230325A;2;Oddball;0.0488;1.664;[]
GRB 230322B;0;No breaks;0.0248;N/A;[]
GRB 230307A;0;TBD;0.13;N/A;[]
GRB 230228A;0;No breaks;0.0972;N/A;[]
GRB 230217A;0;No breaks;0.16;N/A;[]
GRB 230216A;2;Canonical;0.32;N/A;[(761, 5537)]
GRB 230205A;0;No breaks;0.0209;N/A;[(235, 661)]
GRB 230204B;0;TBD;;N/A;[]
GRB 230204B;0;No breaks;0.1;N/A;[]
GRB 230204A;0;No breaks;1.0;N/A;[(153, 398), (515, 1100)]
GRB 230123A;0;No breaks;0.0295;N/A;[]
GRB 230116D;2;Canonical;0.16;3.81;[]
GRB 221231A;0;No breaks;0.0644;N/A;[]
GRB 221226B;0;No breaks;0.0169;2.694;[]
GRB 221216A;3;Canonical;0.0275;N/A;[(61.3, 85.0), (99.6, 141), (142, 321)]
GRB 221202A;1;One-break;0.0211;N/A;[(145, 352), (468, 989)]
GRB 221201A;3;Canonical;0.0753;N/A;[]
GRB 221120A;0;No breaks;0.12;N/A;[]
GRB 221110A;0;No breaks;0.0146;4.06;[]
GRB 221028A;0;No breaks;0.78;N/A;[]
GRB 221027B;1;One-break;0.0288;N/A;[]
GRB 221024A;1;One-break;0.0286;N/A;[(142, 576)]
GRB 221016A;1;One-break;0.0353;N/A;[]
GRB 221009A;4;Canonical;0.54;0.151;[(55599.99999999999, 73100.0), (73500.0, 89400.0)]
GRB 221006A;0;No breaks;0.0598;N/A;[]
GRB 220930A;1;One-break;0.28;N/A;[(162, 240)]
GRB 220921A;0;No breaks;0.026;N/A;[]
GRB 220907A;0;TBD;0.6;N/A;[]
GRB 220826A;2;Canonical;0.0905;N/A;[(547, 768)]
GRB 220813A;3;Canonical;0.0232;N/A;[(131, 300)]
GRB 220730A;0;TBD;0.21;N/A;[]
GRB 220715B;0;No breaks;0.36;N/A;[]
GRB 220714B;2;Canonical;0.0323;N/A;[(132, 3730)]
GRB 220711B;2;Canonical;0.074;N/A;[(127, 519)]
GRB 220710A;0;TBD;0.026;N/A;[]
GRB 220708B;0;No breaks;0.0138;N/A;[]
GRB 220708A;0;No breaks;0.0978;N/A;[]
GRB 220706A;0;No breaks;0.024;N/A;[(536, 20000.0)]
GRB 220701A;0;No breaks;0.0103;N/A;[]
GRB 220627A;0;No breaks;0.049;3.084;[]
GRB 220623A;0;No breaks;0.0249;N/A;[]
GRB 220618A;2;Oddball;0.47;N/A;[(185, 245), (280, 403)]
GRB 220611A;2;Canonical;0.0266;N/A;[(152, 555)]
GRB 220527A;0;No breaks;0.0625;N/A;[]
GRB 220521A;0;No breaks;0.19;5.6;[]
GRB 220518A;1;One-break;0.00933;N/A;[]
GRB 220511A;0;No breaks;0.59;N/A;[]
GRB 220506A;0;TBD;0.13;N/A;[]
GRB 220430A;4;Oddball;0.65;N/A;[]
GRB 220427A;0;No breaks;0.1;N/A;[]
GRB 220412A;2;Oddball;0.037;N/A;[]
GRB 220408A;1;One-break;0.0198;N/A;[]
GRB 220403B;2;Canonical;0.12;N/A;[]
GRB 220325A;0;No breaks;0.39;N/A;[]
GRB 220319A;0;No breaks;0.0149;N/A;[]
GRB 220306B;0;No breaks;0.41;N/A;[]
GRB 220305A;0;No breaks;0.26;N/A;[]
GRB 220302A;0;No breaks;0.34;N/A;[]
GRB 220219B;0;No breaks;0.0256;N/A;[]
GRB 220118A;1;One-break;0.0225;N/A;[]
GRB 220117B;2;Oddball;0.0758;N/A;[(165, 295)]
GRB 220117A;2;Canonical;0.0257;4.961;[(158, 254), (413, 5187)]
GRB 220107B;0;No breaks;0.0315;N/A;[]
GRB 220107A;0;No breaks;0.0221;N/A;[]
GRB 220101A;2;Oddball;0.0629;4.61;[(95.3, 134), (135, 156)]
GRB 211227A;2;Oddball;0.0237;N/A;[]
GRB 211221A;0;No breaks;0.14;N/A;[]
GRB 211211A;5;Canonical;0.0176;0.0763;[(172, 190)]
GRB 211207A;0;No breaks;0.0494;2.272;[]
GRB 211129A;2;Canonical;0.0881;N/A;[(79.8, 162), (186, 474)]
GRB 211107B;0;No breaks;0.0425;N/A;[]
GRB 211106A;0;No breaks;0.0106;N/A;[]
GRB 211025A;2;Oddball;0.0238;N/A;[(113, 130)]
GRB 211024B;2;Oddball;0.0208;1.1137;[(5905, 23700.0)]
GRB 211023B;0;No breaks;0.023;N/A;[]
GRB 210930A;0;No breaks;0.00955;N/A;[(211, 338)]
GRB 210928A;0;No breaks;0.23;N/A;[]
GRB 210919A;0;TBD;0.16;N/A;[]
GRB 210912A;2;Canonical;0.024;N/A;[]
GRB 210905A;3;Canonical;0.0338;6.318;[(274, 409)]
GRB 210901A;2;Oddball;0.1;N/A;[]
GRB 210827A;0;No breaks;0.0106;N/A;[]
GRB 210824A;0;No breaks;0.0331;N/A;[]
GRB 210822A;2;Oddball;0.15;1.736;[]
GRB 210820A;2;Oddball;0.0359;N/A;[(122, 161), (177, 189), (193, 209), (221, 469)]
GRB 210818A;3;Canonical;0.17;N/A;[]
GRB 210807C;3;Canonical;0.85;N/A;[(199, 306)]
GRB 210807A;3;Oddball;0.34;N/A;[(368, 399)]
GRB 210802A;0;TBD;0.0202;N/A;[]
GRB 210731A;1;One-break;0.11;1.2525;[]
GRB 210730A;0;No breaks;0.0628;N/A;[(87.9, 103)]
GRB 210726A;2;Oddball;0.0173;N/A;[]
GRB 210725B;0;No breaks;0.0202;N/A;[(94.5, 157)]
GRB 210725A;0;No breaks;0.0409;N/A;[]
GRB 210724A;1;One-break;0.0823;N/A;[(170, 511)]
GRB 210723A;2;Oddball;0.77;N/A;[]
GRB 210722A;2;Canonical;0.0223;N/A;[(78.1, 223)]
GRB 210712A;2;Canonical;0.0889;N/A;[(93.2, 144)]
GRB 210708A;0;No breaks;0.16;N/A;[(88.0, 353)]
GRB 210706A;0;No breaks;0.0967;N/A;[]
GRB 210704A;0;No breaks;0.00559;N/A;[]
GRB 210702A;1;One-break;0.12;1.16;[]
GRB 210626A;0;TBD;0.0439;N/A;[]
GRB 210619B;2;Oddball;0.2;1.937;[]
GRB 210618A;0;No breaks;0.0132;N/A;[]
GRB 210610B;4;Canonical;0.0394;1.13;[]
GRB 210610A;1;One-break;0.0219;3.54;[]
GRB 210606A;0;No breaks;0.0375;N/A;[]
GRB 210605B;0;No breaks;0.077;N/A;[]
GRB 210527A;0;No breaks;0.0185;N/A;[]
GRB 210517A;0;No breaks;0.013;2.486;[]
GRB 210515C;1;One-break;0.0262;N/A;[]
GRB 210514A;3;Canonical;0.02;N/A;[(65.7, 107)]
GRB 210509A;0;No breaks;0.0711;N/A;[]
GRB 210504A;2;Oddball;0.13;2.077;[(411, 812)]
GRB 210421A;2;Oddball;0.46;N/A;[]
GRB 210420B;3;Canonical;0.0209;1.4;[(575, 989)]
GRB 210419C;1;One-break;0.0112;N/A;[]
GRB 210419A;1;One-break;0.0776;N/A;[(257, 786)]
GRB 210411C;1;One-break;0.081;2.826;[(141, 414)]
GRB 210410A;1;One-break;0.0396;N/A;[(68.8, 111)]
GRB 210402A;2;Oddball;0.0151;N/A;[(152, 394), (648, 34400.0)]
GRB 210323A;2;Canonical;0.12;N/A;[]
GRB 210321A;0;No breaks;0.11;1.487;[]
GRB 210318B;1;One-break;0.71;N/A;[]
GRB 210318A;0;No breaks;0.0188;N/A;[]
GRB 210308A;1;One-break;0.45;N/A;[]
GRB 210307A;5;Canonical;0.14;N/A;[(97.2, 140)]
GRB 210306A;1;One-break;0.0422;N/A;[]
GRB 210305A;2;Oddball;0.2;N/A;[(96.3, 136)]
GRB 210226A;2;Canonical;0.0524;N/A;[]
GRB 210222B;1;One-break;0.0887;N/A;[]
GRB 210218A;0;TBD;0.19;N/A;[]
GRB 210217A;1;One-break;0.0869;N/A;[]
GRB 210212A;1;One-break;0.11;N/A;[]
GRB 210211A;0;No breaks;0.12;N/A;[]
GRB 210210A;1;One-break;0.0882;0.715;[]
GRB 210209A;2;Canonical;0.37;N/A;[(202, 4618)]
GRB 210207B;2;Canonical;0.0351;N/A;[(89.7, 189)]
GRB 210205A;0;No breaks;0.51;N/A;[]
GRB 210204A;0;No breaks;0.0346;0.876;[]
GRB 210112A;4;Canonical;0.00955;N/A;[(64.4, 82.9), (96.2, 156)]
GRB 210104B;2;Canonical;0.27;N/A;[]
GRB 210104A;4;Canonical;0.0509;N/A;[(218, 284), (287, 336)]
GRB 210102B;0;TBD;;N/A;[]
GRB 201229A;2;Canonical;0.0178;N/A;[]
GRB 201223A;0;No breaks;0.0313;N/A;[]
GRB 201221D;0;TBD;0.0265;1.046;[]
GRB 201221A;0;No breaks;0.0932;5.7;[]
GRB 201216C;0;No breaks;0.0504;N/A;[]
GRB 201209A;3;Canonical;0.036;N/A;[]
GRB 201208A;0;No breaks;0.0502;N/A;[]
GRB 201203A;0;No breaks;0.0177;N/A;[]
GRB 201128A;0;No breaks;0.0354;N/A;[]
GRB 201116A;0;No breaks;0.0278;N/A;[]
GRB 201104B;1;One-break;0.0569;1.954;[(196, 248)]
GRB 201103B;0;No breaks;0.14;N/A;[]
GRB 201029A;1;One-break;0.0208;N/A;[(114, 152), (228, 910), (1038, 1859), (12100.0, 23400.0)]
GRB 201027A;1;One-break;0.0467;N/A;[]
GRB 201026A;1;One-break;0.11;N/A;[(133, 519)]
GRB 201024A;0;No breaks;0.0364;N/A;[]
GRB 201021C;0;No breaks;0.0205;1.07;[]
GRB 201020B;0;No breaks;0.14;0.804;[]
GRB 201020A;2;Canonical;0.037;N/A;[]
GRB 201017A;0;No breaks;0.57;N/A;[]
GRB 201015A;0;No breaks;0.36;0.426;[]
GRB 201014A;2;Canonical;0.0787;4.56;[]
GRB 201013A;2;Canonical;0.0543;N/A;[]
GRB 201008A;0;TBD;0.0158;N/A;[]
GRB 201006A;0;No breaks;0.45;N/A;[]
GRB 201001A;0;TBD;0.27;N/A;[]
GRB 200925B;2;Canonical;0.0459;N/A;[]
GRB 200922A;1;One-break;0.0471;N/A;[]
GRB 200917A;0;No breaks;0.15;N/A;[(1100, 15000.0)]
GRB 200907B;0;No breaks;0.42;N/A;[]
GRB 200906A;3;Canonical;0.0525;N/A;[]
GRB 200901B;2;Oddball;0.12;N/A;[]
GRB 200901A;0;No breaks;0.0153;N/A;[]
GRB 200829A;4;Canonical;0.0471;N/A;[]
GRB 200826A;0;No breaks;0.0602;N/A;[]
GRB 200819A;0;No breaks;0.98;N/A;[]
GRB 200809B;0;No breaks;0.32;N/A;[]
GRB 200806A;1;One-break;0.26;N/A;[(199, 280)]
GRB 200803A;0;No breaks;0.0515;N/A;[]
GRB 200729A;1;One-break;0.0107;N/A;[(152, 305)]
GRB 200716C;4;Canonical;0.0108;N/A;[(155, 170), (175, 191)]
GRB 200715A;0;No breaks;0.76;N/A;[]
GRB 200714E;0;No breaks;0.31;N/A;[]
GRB 200713A;2;Canonical;0.0199;N/A;[]
GRB 200711A;1;One-break;0.57;N/A;[]
GRB 200630A;0;No breaks;0.0432;N/A;[]
GRB 200613A;0;No breaks;0.00843;N/A;[]
GRB 200612A;1;One-break;0.0369;N/A;[(104, 224), (313, 375)]
GRB 200529A;0;No breaks;0.24;N/A;[]
GRB 200528A;3;Canonical;0.0122;N/A;[(60.3, 74.5), (82.9, 200)]
GRB 200524A;0;No breaks;0.0169;1.256;[]
GRB 200522A;0;No breaks;0.0294;N/A;[]
GRB 200519A;4;Canonical;0.33;N/A;[(65.5, 191)]
GRB 200517A;0;No breaks;0.0166;N/A;[]
GRB 200512A;1;One-break;0.0294;N/A;[]
GRB 200509A;2;Canonical;0.16;N/A;[(262, 1332)]
GRB 200425A;3;Oddball;0.16;N/A;[]
GRB 200424A;0;TBD;0.0428;N/A;[]
GRB 200416A;1;One-break;0.0654;N/A;[]
GRB 200412B;0;No breaks;0.0509;N/A;[]
GRB 200411A;0;No breaks;0.0155;N/A;[]
GRB 200410A;2;Canonical;0.22;N/A;[]
GRB 200409A;1;One-break;0.0127;N/A;[]
GRB 200324A;3;Canonical;0.0107;N/A;[]
GRB 200306C;1;One-break;0.0191;N/A;[(867, 1392)]
GRB 200306A;2;Canonical;0.0866;N/A;[(140, 296)]
GRB 200303A;3;Canonical;0.0163;N/A;[(77.6, 87.2), (183, 216), (218, 238)]
GRB 200228B;0;No breaks;0.0639;N/A;[]
GRB 200227A;3;Oddball;0.21;N/A;[(264, 1281)]
GRB 200224A;0;No breaks;;N/A;[]
GRB 200219C;0;No breaks;0.12;N/A;[]
GRB 200219A;3;Oddball;0.0193;N/A;[]
GRB 200216B;0;No breaks;0.0203;N/A;[]
GRB 200215A;0;No breaks;0.12;N/A;[]
GRB 200205B;1;One-break;0.1;1.465;[(351, 751)]
GRB 200205A;1;One-break;0.43;N/A;[(210, 300), (2000, 20000.0), (80000.0, 400000.0)]
GRB 200131A;5;Canonical;0.18;N/A;[]
GRB 200127A;1;One-break;0.22;N/A;[]
GRB 200125A;3;Canonical;0.0772;N/A;[(139, 157), (178, 413)]
GRB 200122A;1;One-break;0.0154;N/A;[(90.7, 355)]
GRB 200109A;2;Oddball;0.4;N/A;[]
GRB 200107B;0;No breaks;0.15;N/A;[]
GRB 191228A;3;Canonical;0.038;N/A;[(5419, 17700.0)]
GRB 191221B;5;Canonical;0.0863;1.148;[(74.2, 100), (850, 927)]
GRB 191220A;1;One-break;0.15;N/A;[]
GRB 191123A;2;Canonical;0.0301;N/A;[(76.1, 192), (229, 506)]
GRB 191122A;1;One-break;0.00995;N/A;[]
GRB 191106A;0;No breaks;0.0438;N/A;[]
GRB 191101A;3;Canonical;0.0135;N/A;[(105, 237)]
GRB 191031D;0;No breaks;0.0657;N/A;[]
GRB 191031C;1;One-break;0.18;N/A;[(272, 459), (707, 162000.0)]
GRB 191029A;0;No breaks;0.0178;N/A;[]
GRB 191024A;0;No breaks;0.0273;N/A;[]
GRB 191019A;0;No breaks;0.0328;0.248;[]
GRB 191017B;0;No breaks;0.0983;N/A;[]
GRB 191016A;0;No breaks;0.1;N/A;[]
GRB 191011A;1;One-break;0.0154;1.722;[]
GRB 191004B;2;Oddball;0.0193;3.503;[]
GRB 191004A;2;Oddball;0.0152;N/A;[]
GRB 190926A;2;Oddball;0.0749;N/A;[(127, 156), (218, 288), (332, 445), (527, 611)]
GRB 190919B;0;No breaks;0.0275;3.225;[]
GRB 190829A;3;Oddball;0.056;0.0785;[(87.3, 180), (976, 10700.0)]
GRB 190828B;4;Canonical;0.0684;N/A;[]
GRB 190824A;1;One-break;0.1;N/A;[]
GRB 190823A;0;TBD;0.0834;N/A;[]
GRB 190821A;2;Canonical;0.33;N/A;[(69.6, 76.8)]
GRB 190816A;0;TBD;0.0128;N/A;[]
GRB 190804B;0;TBD;0.43;N/A;[]
GRB 190731A;0;No breaks;0.0979;N/A;[]
GRB 190719C;4;Canonical;0.0469;N/A;[(85.8, 306)]
GRB 190718A;1;One-break;0.0124;N/A;[(576, 1243)]
GRB 190708B;0;No breaks;0.0615;N/A;[]
GRB 190706B;1;One-break;0.24;N/A;[]
GRB 190701A;2;Canonical;0.64;N/A;[]
GRB 190630C;1;One-break;0.11;N/A;[]
GRB 190630B;0;No breaks;0.0142;N/A;[]
GRB 190627A;1;One-break;0.18;1.942;[]
GRB 190613B;2;Canonical;0.0604;N/A;[(86.6, 203), (213, 344)]
GRB 190613A;1;One-break;0.0149;N/A;[(179, 264)]
GRB 190611A;0;No breaks;0.0325;N/A;[]
GRB 190604B;2;Canonical;0.14;N/A;[(104, 116), (134, 346), (450, 1225)]
GRB 190531B;0;No breaks;0.0176;N/A;[]
GRB 190530A;0;No breaks;0.0507;N/A;[]
GRB 190519A;3;Canonical;0.43;N/A;[]
GRB 190515B;2;Canonical;0.13;N/A;[]
GRB 190511A;2;Oddball;0.11;N/A;[]
GRB 190422A;3;Canonical;0.86;N/A;[]
GRB 190404C;0;No breaks;0.0889;N/A;[]
GRB 190324A;2;Oddball;0.0175;N/A;[]
GRB 190320A;0;No breaks;0.31;N/A;[]
GRB 190311A;2;Canonical;0.0117;N/A;[]
GRB 190305A;0;No breaks;0.023;N/A;[]
GRB 190220A;0;No breaks;0.11;N/A;[]
GRB 190219A;3;Canonical;0.0355;N/A;[]
GRB 190211A;1;One-break;0.0172;N/A;[]
GRB 190204A;5;Canonical;0.44;N/A;[(199, 218)]
GRB 190203A;3;Canonical;0.4;N/A;[]
GRB 190202A;1;One-break;0.024;N/A;[]
GRB 190129B;0;No breaks;0.0731;N/A;[]
GRB 190123A;0;No breaks;0.44;N/A;[]
GRB 190114C;5;Oddball;0.00754;0.42;[]
GRB 190114B;0;No breaks;0.0175;N/A;[]
GRB 190114A;3;Canonical;0.16;3.3765;[]
GRB 190109B;0;No breaks;0.46;N/A;[]
GRB 190109A;1;One-break;0.0511;N/A;[(189, 563)]
GRB 190106A;3;Canonical;0.1;1.86;[(76.1, 120)]
GRB 190103B;4;Oddball;0.0135;N/A;[(128, 340)]
GRB 181228A;1;One-break;0.29;N/A;[(73.2, 155), (200, 567)]
GRB 181213A;0;No breaks;0.0449;N/A;[]
GRB 181203A;0;No breaks;0.23;N/A;[]
GRB 181202A;2;Canonical;0.17;N/A;[]
GRB 181201A;1;One-break;0.052;0.45;[]
GRB 181126A;0;No breaks;0.0809;N/A;[]
GRB 181123B;0;No breaks;0.0308;N/A;[]
GRB 181110A;4;Canonical;0.0766;1.505;[(650, 3000)]
GRB 181103A;1;One-break;0.0131;N/A;[]
GRB 181030A;1;One-break;0.0346;N/A;[]
GRB 181023A;1;One-break;0.0604;N/A;[(405, 13300.0)]
GRB 181022A;0;No breaks;0.0088;N/A;[]
GRB 181020A;4;Canonical;0.0164;2.938;[(48.7, 63.6), (71.6, 84.4), (163, 454)]
GRB 181013A;2;Canonical;0.00941;N/A;[(298, 2013)]
GRB 181010A;3;Oddball;0.0189;1.39;[]
GRB 181003A;0;TBD;0.0124;N/A;[]
GRB 181002A;0;No breaks;0.28;N/A;[(142, 214)]
GRB 180930A;0;No breaks;0.0209;N/A;[(306, 743)]
GRB 180925A;4;Canonical;0.0328;N/A;[]
GRB 180924A;3;Canonical;0.0203;N/A;[]
GRB 180914B;0;No breaks;0.0915;N/A;[]
GRB 180905A;0;No breaks;0.35;N/A;[]
GRB 180904A;0;No breaks;0.0337;N/A;[(129, 208), (440, 691)]
GRB 180828A;0;No breaks;1.4;N/A;[]
GRB 180823A;0;No breaks;0.0124;N/A;[]
GRB 180821A;1;One-break;0.0211;N/A;[(261, 452)]
GRB 180818B;2;Canonical;0.13;N/A;[(241, 370)]
GRB 180818A;1;One-break;0.11;N/A;[]
GRB 180812A;0;No breaks;0.0437;N/A;[]
GRB 180809B;4;Canonical;0.12;N/A;[(60.9, 97.9), (189, 306), (395, 408)]
GRB 180809A;0;No breaks;0.12;N/A;[]
GRB 180806A;0;TBD;0.0458;N/A;[]
GRB 180805B;2;Oddball;0.0163;N/A;[]
GRB 180805A;0;No breaks;0.17;N/A;[]
GRB 180728A;5;Oddball;0.32;0.117;[]
GRB 180727A;0;No breaks;0.021;N/A;[]
GRB 180721A;1;One-break;0.0647;N/A;[]
GRB 180720C;0;No breaks;0.68;N/A;[]
GRB 180720B;4;Canonical;0.0392;0.654;[(81.8, 147), (438, 524), (540, 553), (563, 599)]
GRB 180709A;0;No breaks;0.89;N/A;[(194, 385)]
GRB 180706A;2;Canonical;0.0144;N/A;[(95.1, 201)]
GRB 180705A;0;No breaks;0.0581;N/A;[]
GRB 180704A;1;One-break;0.49;N/A;[]
GRB 180703A;0;TBD;0.0268;N/A;[]
GRB 180630A;2;Canonical;0.13;N/A;[]
GRB 180626A;3;Canonical;0.0347;N/A;[]
GRB 180624A;0;No breaks;0.0459;2.855;[(100, 143), (156, 653)]
GRB 180623A;3;Canonical;1.5;N/A;[(100, 120)]
GRB 180620B;4;Canonical;0.0139;1.1175;[(99.2, 226)]
GRB 180620A;1;One-break;0.16;N/A;[(1994, 12000.0)]
GRB 180618A;1;One-break;0.0444;N/A;[]
GRB 180614A;0;No breaks;0.11;N/A;[]
GRB 180613A;0;No breaks;0.065;N/A;[]
GRB 180602A;2;Canonical;0.0156;N/A;[]
GRB 180514A;2;Oddball;0.0118;N/A;[]
GRB 180512A;0;No breaks;0.0173;N/A;[]
GRB 180510B;0;No breaks;0.0254;N/A;[]
GRB 180510A;2;Canonical;0.21;N/A;[(94.5, 113), (207, 321)]
GRB 180504A;2;Oddball;0.035;N/A;[]
GRB 180425A;3;Canonical;0.029;N/A;[]
GRB 180418A;0;No breaks;0.0107;N/A;[]
GRB 180411A;3;Canonical;0.83;N/A;[(141, 297)]
GRB 180410A;2;Oddball;0.66;N/A;[]
GRB 180409A;0;No breaks;0.0168;N/A;[]
GRB 180404B;5;Oddball;0.0113;N/A;[]
GRB 180404A;2;Canonical;0.0307;1;[]
GRB 180402A;0;No breaks;0.29;N/A;[]
GRB 180331B;1;One-break;0.0159;N/A;[]
GRB 180331A;1;One-break;0.29;N/A;[]
GRB 180329B;2;Canonical;0.0253;1.998;[(135, 432)]
GRB 180325A;2;Oddball;0.0129;2.25;[(68.5, 191)]
GRB 180324A;0;No breaks;0.38;N/A;[(5739, 13899.999999999998)]
GRB 180316A;1;One-break;0.2;N/A;[(232, 582)]
GRB 180314B;2;Canonical;0.89;N/A;[]
GRB 180314A;2;Oddball;0.15;1.445;[]
GRB 180311A;1;One-break;0.0159;N/A;[]
GRB 180305A;0;No breaks;0.24;N/A;[]
GRB 180224A;2;Canonical;0.00824;N/A;[]
GRB 180222A;0;No breaks;0.66;N/A;[]
GRB 180210A;0;No breaks;0.0373;N/A;[]
GRB 180205A;0;No breaks;0.0344;1.409;[(167, 264)]
GRB 180204A;0;No breaks;0.1;N/A;[]
GRB 180115A;2;Canonical;0.0168;2.487;[]
GRB 180111A;0;No breaks;0.0108;N/A;[(76.6, 197)]
GRB 180103A;0;No breaks;0.47;N/A;[]
GRB 180102A;1;One-break;0.0188;N/A;[]
GRB 171222A;5;Canonical;0.0107;2.409;[]
GRB 171216A;1;One-break;0.28;N/A;[]
GRB 171212A;0;No breaks;1.2;N/A;[(81.6, 117), (135, 158), (163, 279), (292, 477)]
GRB 171211A;0;No breaks;0.0889;N/A;[]
GRB 171209A;4;Canonical;0.21;N/A;[]
GRB 171205A;3;Canonical;0.0589;0.0368;[]
GRB 171124A;0;No breaks;0.13;N/A;[]
GRB 171123A;2;Canonical;0.019;N/A;[]
GRB 171120A;3;Canonical;0.0117;N/A;[(229, 583)]
GRB 171115A;1;One-break;0.3;N/A;[]
GRB 171102B;1;One-break;0.45;N/A;[]
GRB 171027A;4;Canonical;0.11;N/A;[]
GRB 171020A;1;One-break;0.16;1.87;[]
GRB 171010B;0;No breaks;0.0347;N/A;[]
GRB 171010A;2;Canonical;0.0699;N/A;[]
GRB 171007A;0;No breaks;0.0205;N/A;[(98.6, 244)]
GRB 171004A;4;Canonical;0.0151;N/A;[]
GRB 171001A;1;One-break;0.0356;N/A;[]
GRB 170921A;1;One-break;0.0549;N/A;[]
GRB 170912B;1;One-break;1.7;N/A;[]
GRB 170912A;0;No breaks;0.31;N/A;[]
GRB 170906C;0;No breaks;0.033;N/A;[]
GRB 170906B;0;No breaks;0.17;N/A;[]
GRB 170906A;3;Oddball;0.14;N/A;[(71.1, 168), (169, 179)]
GRB 170903A;1;One-break;0.0174;N/A;[]
GRB 170827A;0;No breaks;0.12;N/A;[]
GRB 170822A;2;Canonical;0.19;N/A;[(1508, 5678)]
GRB 170813A;0;No breaks;0.0273;N/A;[]
GRB 170810A;2;Canonical;0.0223;N/A;[(73.6, 138), (139, 236), (315, 389), (725, 998)]
GRB 170804A;1;One-break;0.0179;N/A;[]
GRB 170803A;1;One-break;0.0354;N/A;[]
GRB 170728B;1;One-break;0.0317;N/A;[]
GRB 170728A;0;No breaks;0.23;N/A;[]
GRB 170714A;5;Oddball;0.0361;N/A;[(621, 638), (641, 656), (658, 691), (798, 831), (836, 851), (852, 885), (886, 928), (930, 1115), (1117, 1311), (1313, 1374), (1376, 1485), (4975, 18600.0), (22200.000000000004, 36000.0)]
GRB 170711A;3;Canonical;0.32;N/A;[]
GRB 170710A;1;One-break;0.18;N/A;[(116, 229)]
GRB 170705A;4;Canonical;0.0146;2.01;[(62.3, 85.5), (120, 468)]
GRB 170629A;1;One-break;0.91;N/A;[]
GRB 170626A;3;Oddball;0.00665;N/A;[(64.8, 365), (367, 382)]
GRB 170607A;5;Canonical;0.0437;N/A;[(97.5, 120)]
GRB 170604A;3;Oddball;0.038;1.329;[(128, 3797)]
GRB 170531B;0;No breaks;0.14;2.366;[(135, 276), (540, 880)]
GRB 170531A;0;No breaks;0.12;N/A;[]
GRB 170526A;0;No breaks;0.0316;N/A;[]
GRB 170524B;0;No breaks;0.18;N/A;[]
GRB 170524A;0;TBD;0.88;N/A;[]
GRB 170519A;2;Canonical;0.0237;0.818;[(95.8, 143), (178, 630)]
GRB 170516A;1;One-break;0.0311;N/A;[]
GRB 170510A;0;No breaks;0.0606;N/A;[]
GRB 170428A;0;No breaks;0.0695;N/A;[]
GRB 170419A;0;No breaks;0.035;N/A;[]
GRB 170405A;3;Canonical;0.0875;3.51;[(141, 230)]
GRB 170331A;1;One-break;0.0465;N/A;[]
GRB 170330A;3;Canonical;0.3;N/A;[]
GRB 170318B;0;No breaks;1.4;N/A;[(111, 298)]
GRB 170318A;1;One-break;0.44;N/A;[]
GRB 170317A;3;Canonical;0.25;N/A;[]
GRB 170311A;0;No breaks;0.13;N/A;[]
GRB 170306A;1;One-break;0.38;N/A;[]
GRB 170214A;0;No breaks;0.19;N/A;[]
GRB 170208B;2;Canonical;0.0532;N/A;[(50.9, 79.0), (89.8, 285)]
GRB 170208A;0;No breaks;0.13;N/A;[]
GRB 170206B;0;No breaks;0.11;N/A;[(105, 288)]
GRB 170205A;0;No breaks;0.2;N/A;[]
GRB 170202A;4;Canonical;0.0198;3.645;[]
GRB 170127B;0;No breaks;0.0201;N/A;[]
GRB 170127A;1;One-break;0.0845;N/A;[(173, 407)]
GRB 170126A;0;No breaks;0.0699;N/A;[]
GRB 170115A;0;No breaks;0.0607;N/A;[(127, 178)]
GRB 170113A;2;Canonical;0.11;1.968;[(65.1, 163)]
GRB 170111A;1;One-break;0.031;N/A;[(368, 694)]
GRB 161224A;0;No breaks;0.11;N/A;[]
GRB 161220A;1;One-break;0.0119;N/A;[(65.1, 128)]
GRB 161219B;4;Canonical;0.0306;0.1475;[(325, 697)]
GRB 161217A;2;Canonical;0.00773;N/A;[]
GRB 161214B;2;Canonical;0.0724;N/A;[]
GRB 161202A;2;Canonical;0.06;N/A;[]
GRB 161129A;1;One-break;0.25;N/A;[(183, 5487)]
GRB 161117B;0;No breaks;0.0649;N/A;[(71.7, 239)]
GRB 161117A;3;Canonical;0.0443;1.549;[(58.3, 286)]
GRB 161113A;3;Canonical;0.0211;N/A;[(42.1, 50.5), (61.6, 76.1), (78.3, 102)]
GRB 161108A;4;Canonical;0.0179;N/A;[(98.0, 128)]
GRB 161105A;0;No breaks;0.41;N/A;[]
GRB 161104A;0;TBD;0.0142;N/A;[]
GRB 161023A;0;No breaks;0.0318;2.708;[]
GRB 161022A;0;No breaks;0.0413;N/A;[(178, 1128)]
GRB 161017A;5;Oddball;0.0183;2.013;[(109, 559)]
GRB 161015A;0;No breaks;0.0466;N/A;[]
GRB 161014A;2;Oddball;0.0755;2.823;[]
GRB 161011A;3;Canonical;0.0525;N/A;[(22700.0, 62300.00000000001)]
GRB 161010A;0;No breaks;0.25;N/A;[]
GRB 161007A;2;Oddball;0.17;N/A;[(154, 359)]
GRB 161004B;1;One-break;0.35;N/A;[]
GRB 161004A;0;No breaks;0.19;N/A;[(173, 629)]
GRB 161001A;1;One-break;0.0111;N/A;[(102, 214)]
GRB 160927A;0;No breaks;0.0714;N/A;[]
GRB 160917A;0;No breaks;0.17;N/A;[]
GRB 160912A;2;Oddball;0.24;N/A;[(137, 871), (1445, 5911)]
GRB 160910A;0;No breaks;0.0106;N/A;[]
GRB 160905A;4;Canonical;0.38;N/A;[(76.0, 110), (10000.0, 13000.0)]
GRB 160826A;0;No breaks;0.46;N/A;[]
GRB 160824A;2;Canonical;0.63;N/A;[(86.7, 163)]
GRB 160821B;0;No breaks;0.0575;N/A;[(72.3, 292)]
GRB 160816A;0;No breaks;0.28;N/A;[]
GRB 160815A;1;One-break;0.0752;N/A;[]
GRB 160804A;5;Canonical;0.0192;0.736;[(321, 384), (385, 786)]
GRB 160801A;0;No breaks;0.0159;N/A;[]
GRB 160716A;0;No breaks;0.96;N/A;[]
GRB 160712A;0;No breaks;0.083;N/A;[]
GRB 160705B;1;One-break;0.0119;N/A;[]
GRB 160703A;0;No breaks;;N/A;[]
GRB 160630A;1;One-break;0.39;N/A;[]
GRB 160629A;0;No breaks;0.33;3.33;[]
GRB 160625B;0;No breaks;0.0976;1.406;[]
GRB 160625A;0;No breaks;1.0;N/A;[]
GRB 160624A;1;One-break;0.0914;N/A;[]
GRB 160623A;1;One-break;0.72;0.367;[]
GRB 160611A;1;One-break;0.17;N/A;[]
GRB 160607A;5;Canonical;0.0512;N/A;[]
GRB 160601A;0;No breaks;0.0204;N/A;[]
GRB 160525B;0;No breaks;0.00831;N/A;[]
GRB 160521B;0;No breaks;0.0185;N/A;[]
GRB 160509A;2;Oddball;0.21;1.17;[]
GRB 160506A;5;Canonical;0.27;N/A;[(214, 273), (339, 507)]
GRB 160504A;4;Canonical;0.00812;N/A;[]
GRB 160501A;2;Oddball;0.16;N/A;[]
GRB 160425A;1;One-break;0.0774;0.555;[(210, 547)]
GRB 160422A;0;No breaks;0.0232;N/A;[]
GRB 160417A;2;Canonical;0.0292;N/A;[]
GRB 160412A;3;Canonical;0.0438;N/A;[]
GRB 160411A;0;No breaks;0.0161;N/A;[]
GRB 160410A;2;Oddball;0.0177;1.717;[]
GRB 160408A;0;No breaks;0.0418;N/A;[(180, 650)]
GRB 160327A;2;Canonical;0.0118;N/A;[]
GRB 160325A;3;Canonical;0.59;N/A;[(155, 230)]
GRB 160321A;0;No breaks;0.72;N/A;[]
GRB 160314A;0;No breaks;0.0619;0.726;[]
GRB 160313A;0;No breaks;0.0132;N/A;[]
GRB 160303A;0;No breaks;0.0107;N/A;[]
GRB 160228A;1;One-break;0.0903;N/A;[]
GRB 160227A;3;Canonical;0.0414;2.38;[(147, 333), (372, 1172)]
GRB 160225A;0;No breaks;0.00969;N/A;[]
GRB 160223A;0;TBD;;N/A;[]
GRB 160221A;0;TBD;0.18;N/A;[]
GRB 160220B;0;No breaks;0.26;N/A;[]
GRB 160220A;0;No breaks;0.11;N/A;[]
GRB 160216A;0;No breaks;0.045;N/A;[]
GRB 160203A;0;No breaks;0.0741;3.52;[]
GRB 160131A;3;Oddball;0.11;0.97;[]
GRB 160127A;1;One-break;0.0571;N/A;[(82.3, 190)]
GRB 160123A;0;No breaks;0.13;N/A;[]
GRB 160121A;1;One-break;0.53;1.96;[]
GRB 160119A;3;Canonical;0.0308;N/A;[(958, 1651)]
GRB 160117B;2;Oddball;0.0571;0.87;[(48.2, 62.6), (76.5, 158)]
GRB 160117A;0;No breaks;;N/A;[]
GRB 160104A;1;One-break;0.27;N/A;[(110, 125), (170, 446), (591, 3000)]
GRB 160101A;0;No breaks;0.0907;N/A;[]
GRB 151229A;1;One-break;0.0271;N/A;[]
GRB 151228B;3;Canonical;0.0575;N/A;[(103, 281)]
GRB 151215A;0;No breaks;0.4;2.59;[]
GRB 151212A;0;No breaks;0.0451;N/A;[]
GRB 151210A;1;One-break;0.13;N/A;[(267, 877)]
GRB 151205A;1;One-break;0.0158;N/A;[]
GRB 151127A;0;No breaks;0.1;N/A;[]
GRB 151120A;0;No breaks;0.0905;N/A;[]
GRB 151118A;0;No breaks;0.45;N/A;[(94.0, 362)]
GRB 151114A;0;No breaks;0.2;N/A;[]
GRB 151112A;1;One-break;0.0192;N/A;[]
GRB 151111A;2;Oddball;0.0107;N/A;[(96.5, 357)]
GRB 151031A;0;No breaks;0.0262;1.167;[]
GRB 151029A;0;No breaks;0.0341;1.423;[]
GRB 151027B;2;Canonical;0.0943;4.063;[]
GRB 151027A;5;Canonical;0.0375;0.81;[(83.1, 182), (262, 429)]
GRB 151023A;0;No breaks;0.41;N/A;[]
GRB 151022A;0;No breaks;0.47;N/A;[]
GRB 151021A;3;Canonical;0.0113;2.33;[(94.5, 160)]
GRB 151006A;1;One-break;0.0774;N/A;[(46.8, 94.8)]
GRB 151004A;0;TBD;0.81;N/A;[]
GRB 151001B;1;One-break;0.65;N/A;[]
GRB 151001A;0;No breaks;0.0353;N/A;[(480, 1421)]
GRB 150925A;1;One-break;0.1;N/A;[]
GRB 150915A;1;One-break;0.0865;1.968;[(161, 215), (216, 235)]
GRB 150911A;1;One-break;0.19;N/A;[(92.4, 152), (610, 13200.0)]
GRB 150910A;5;Canonical;0.0543;1.36;[(271, 447)]
GRB 150907B;0;No breaks;0.15;N/A;[]
GRB 150902A;0;No breaks;0.37;N/A;[]
GRB 150831B;0;No breaks;0.51;N/A;[]
GRB 150831A;0;No breaks;0.11;N/A;[(75.3, 186)]
GRB 150821A;1;One-break;0.0177;0.755;[(233, 286), (288, 364), (481, 1282)]
GRB 150819A;0;No breaks;0.18;N/A;[]
GRB 150818A;2;Oddball;0.0247;N/A;[(74.9, 84.1)]
GRB 150817A;2;Canonical;0.27;N/A;[]
GRB 150811A;1;One-break;0.15;N/A;[]
GRB 150801B;1;One-break;0.27;N/A;[(185, 1724)]
GRB 150728A;0;TBD;0.26;N/A;[]
GRB 150727A;3;Oddball;0.0981;0.313;[(9607, 413999.99999999994)]
GRB 150724B;0;No breaks;0.0598;N/A;[]
GRB 150724A;1;One-break;0.29;N/A;[(91.9, 112), (134, 555), (962, 4912)]
GRB 150722A;0;No breaks;0.0592;N/A;[(4275, 11500.0)]
GRB 150720A;1;One-break;0.57;N/A;[(123, 128)]
GRB 150716A;0;No breaks;0.7;N/A;[]
GRB 150711A;2;Canonical;0.0825;N/A;[(145, 226)]
GRB 150710B;0;No breaks;0.0379;N/A;[]
GRB 150627A;2;Oddball;0.26;N/A;[]
GRB 150626B;2;Canonical;0.0169;N/A;[(11000.0, 58200.0)]
GRB 150626A;4;Canonical;0.35;N/A;[(98.2, 199)]
GRB 150622A;0;TBD;0.38;N/A;[]
GRB 150616A;4;Canonical;0.0338;N/A;[(577, 755), (1435, 6780)]
GRB 150615A;2;Canonical;0.47;N/A;[]
GRB 150608A;0;No breaks;0.0381;N/A;[]
GRB 150607A;1;One-break;0.057;N/A;[]
GRB 150530A;0;No breaks;1.0;N/A;[]
GRB 150527A;2;Canonical;0.57;N/A;[]
GRB 150523A;0;No breaks;0.35;N/A;[]
GRB 150518A;0;No breaks;0.034;N/A;[]
GRB 150514A;0;No breaks;0.0205;0.807;[]
GRB 150430A;5;Canonical;0.0252;N/A;[(84.3, 92.7)]
GRB 150428B;3;Canonical;0.33;N/A;[]
GRB 150428A;0;No breaks;0.0163;N/A;[]
GRB 150424A;3;Canonical;0.0602;N/A;[]
GRB 150423A;0;No breaks;0.0177;N/A;[]
GRB 150403A;5;Oddball;0.0535;2.06;[(67.8, 97.8)]
GRB 150323C;2;Canonical;0.0118;N/A;[(176, 364), (383, 515), (568, 781)]
GRB 150323B;0;No breaks;0.0434;N/A;[]
GRB 150323A;2;Canonical;0.0305;0.593;[(137, 159)]
GRB 150318A;4;Oddball;0.0331;N/A;[]
GRB 150317A;0;No breaks;0.0296;N/A;[]
GRB 150314A;1;One-break;0.0454;1.758;[(78.3, 84.4), (6009, 56600.0)]
GRB 150309A;3;Oddball;0.0905;N/A;[]
GRB 150302A;0;No breaks;0.0175;N/A;[]
GRB 150301B;0;No breaks;0.0615;1.5169;[]
GRB 150301A;1;One-break;1.3;N/A;[]
GRB 150222A;0;No breaks;0.0331;N/A;[(144, 239), (250, 652)]
GRB 150219A;0;No breaks;0.14;N/A;[]
GRB 150213B;2;Oddball;0.0186;N/A;[]
GRB 150212A;0;No breaks;0.052;N/A;[]
GRB 150211A;0;No breaks;0.0161;N/A;[]
GRB 150206A;1;One-break;0.0226;2.087;[(2044, 3500)]
GRB 150204A;0;TBD;0.56;N/A;[]
GRB 150203A;1;One-break;0.65;N/A;[]
GRB 150202B;0;No breaks;0.25;N/A;[]
GRB 150202A;1;One-break;0.0254;N/A;[]
GRB 150201A;5;Canonical;0.0583;N/A;[]
GRB 150120B;0;No breaks;0.12;N/A;[]
GRB 150120A;0;No breaks;0.0786;N/A;[]
GRB 150110B;0;No breaks;0.24;N/A;[]
GRB 150103A;1;One-break;0.9;N/A;[(140, 362)]
GRB 150101B;0;No breaks;0.0348;N/A;[]
GRB 150101A;0;TBD;0.46;N/A;[]
GRB 141225A;1;One-break;0.0148;0.915;[]
GRB 141221A;0;No breaks;0.0227;N/A;[(170, 641)]
GRB 141220A;1;One-break;0.0133;1.3195;[]
GRB 141215A;0;No breaks;0.19;N/A;[]
GRB 141212B;0;No breaks;0.022;N/A;[]
GRB 141212A;0;No breaks;0.1;N/A;[]
GRB 141130A;0;No breaks;0.0182;N/A;[(76.0, 108), (161, 536)]
GRB 141121A;5;Canonical;0.0428;1.47;[(519, 3895)]
GRB 141109B;1;One-break;0.0246;N/A;[]
GRB 141109A;4;Oddball;0.0332;2.993;[(192, 212), (218, 241), (304, 400), (448, 498)]
GRB 141031B;0;No breaks;0.12;N/A;[]
GRB 141031A;2;Canonical;0.22;N/A;[(300, 2200)]
GRB 141028A;0;No breaks;0.0409;N/A;[]
GRB 141026A;3;Canonical;0.16;N/A;[(160, 175)]
GRB 141022A;0;No breaks;0.1;N/A;[]
GRB 141020A;0;No breaks;0.0125;N/A;[(319, 695)]
GRB 141017A;4;Canonical;0.0377;N/A;[]
GRB 141015A;0;No breaks;0.56;N/A;[]
GRB 141005A;0;No breaks;0.16;N/A;[]
GRB 141004A;1;One-break;0.31;N/A;[]
GRB 140930B;0;No breaks;0.0345;N/A;[]
GRB 140928A;0;No breaks;0.0157;N/A;[]
GRB 140927A;0;No breaks;0.0756;N/A;[]
GRB 140919A;1;One-break;0.0765;N/A;[]
GRB 140916A;4;Canonical;0.0167;N/A;[(181, 218)]
GRB 140909A;0;No breaks;0.0153;N/A;[]
GRB 140907A;2;Canonical;0.31;1.21;[(160, 550)]
GRB 140903A;1;One-break;0.0326;0.351;[]
GRB 140824A;0;No breaks;0.0146;N/A;[]
GRB 140818B;0;No breaks;0.35;N/A;[]
GRB 140818A;0;No breaks;0.0298;N/A;[]
GRB 140817A;2;Oddball;0.08;N/A;[(98.8, 1139)]
GRB 140815A;0;TBD;0.31;N/A;[]
GRB 140808A;0;No breaks;0.036;3.29;[]
GRB 140801A;0;No breaks;0.17;N/A;[]
GRB 140730A;1;One-break;0.0759;N/A;[]
GRB 140719A;2;Canonical;0.16;N/A;[]
GRB 140716A;0;No breaks;0.13;N/A;[]
GRB 140713A;0;No breaks;0.0497;N/A;[(577, 1568)]
GRB 140710A;0;No breaks;0.0715;N/A;[(336, 641)]
GRB 140709B;1;One-break;0.043;N/A;[(102, 241)]
GRB 140709A;2;Canonical;0.41;N/A;[(131, 5762)]
GRB 140706A;3;Canonical;0.0216;N/A;[]
GRB 140703A;4;Canonical;0.13;3.14;[(119, 132)]
GRB 140629A;2;Oddball;0.00932;2.275;[]
GRB 140628A;1;One-break;0.0322;N/A;[]
GRB 140626A;0;No breaks;0.14;N/A;[]
GRB 140623A;0;TBD;0.0371;N/A;[]
GRB 140622A;0;TBD;0.0547;N/A;[]
GRB 140620A;0;No breaks;0.0517;N/A;[]
GRB 140619B;0;TBD;;N/A;[]
GRB 140619A;1;One-break;0.0165;N/A;[(145, 241)]
GRB 140614B;1;One-break;0.0806;N/A;[]
GRB 140614A;2;Canonical;0.13;4.233;[]
GRB 140611A;0;TBD;0.0158;N/A;[]
GRB 140610A;0;No breaks;1.2;N/A;[]
GRB 140606B;0;No breaks;0.13;N/A;[]
GRB 140529A;0;TBD;0.11;N/A;[]
GRB 140518A;2;Canonical;0.0156;4.707;[(74.8, 97.3)]
GRB 140516A;0;TBD;0.0152;N/A;[]
GRB 140515A;0;No breaks;0.0254;6.32;[(1019, 99900.0)]
GRB 140512A;4;Canonical;0.15;0.725;[(94.9, 178)]
GRB 140509A;2;Canonical;0.0223;N/A;[]
GRB 140508A;0;No breaks;0.0214;1.027;[]
GRB 140506A;2;Oddball;0.11;0.889;[(96.0, 600)]
GRB 140502A;0;No breaks;0.95;N/A;[]
GRB 140430A;3;Canonical;0.21;1.6;[(147, 298)]
GRB 140428A;0;No breaks;0.00899;N/A;[]
GRB 140423A;1;One-break;0.0109;3.26;[]
GRB 140419A;5;Canonical;0.0394;3.956;[(187, 231)]
GRB 140413A;3;Oddball;0.0139;N/A;[(2320, 3100), (3144, 3344), (3516, 3772)]
GRB 140412A;0;No breaks;0.26;N/A;[]
GRB 140408A;0;No breaks;0.18;N/A;[]
GRB 140331A;2;Canonical;0.0435;N/A;[]
GRB 140323A;4;Canonical;0.0793;N/A;[(87.0, 90.8), (103, 157)]
GRB 140320C;0;No breaks;0.0362;N/A;[]
GRB 140320B;0;No breaks;0.0245;N/A;[]
GRB 140320A;0;TBD;0.38;N/A;[]
GRB 140318A;2;Oddball;0.0265;N/A;[]
GRB 140311B;0;No breaks;0.0356;N/A;[]
GRB 140311A;0;No breaks;0.0281;4.95;[]
GRB 140304A;3;Canonical;0.0768;5.28;[(81.3, 109), (276, 599), (747, 960), (18200.0, 25800.0)]
GRB 140302A;1;One-break;0.28;N/A;[]
GRB 140301A;2;Oddball;0.024;1.416;[(81.0, 131), (514, 834)]
GRB 140226A;0;No breaks;0.0156;1.98;[]
GRB 140215A;0;No breaks;0.13;N/A;[]
GRB 140213A;1;One-break;0.17;1.2076;[(33600.0, 314000.0)]
GRB 140211A;0;TBD;0.0453;N/A;[]
GRB 140209A;0;No breaks;0.64;N/A;[]
GRB 140206A;4;Canonical;0.0699;2.73;[(40.6, 125), (163, 514)]
GRB 140129B;0;No breaks;0.0729;N/A;[]
GRB 140129A;0;No breaks;0.0282;N/A;[]
GRB 140114A;3;Canonical;0.0163;N/A;[(125, 594)]
GRB 140108A;1;One-break;0.85;N/A;[(58.8, 157), (199, 383)]
GRB 140104B;0;TBD;0.0714;N/A;[]
GRB 140103A;1;One-break;0.0135;N/A;[]
GRB 140102A;2;Oddball;0.0304;N/A;[]
GRB 131231A;0;No breaks;0.028;0.642;[]
GRB 131229A;1;One-break;0.32;N/A;[]
GRB 131227A;1;One-break;0.3;N/A;[]
GRB 131205A;0;No breaks;0.24;N/A;[]
GRB 131202A;0;No breaks;0.0253;N/A;[]
GRB 131128A;2;Canonical;0.0667;N/A;[]
GRB 131127A;2;Canonical;0.17;N/A;[(518, 5098)]
GRB 131122A;0;No breaks;0.00979;N/A;[]
GRB 131117A;0;No breaks;0.015;4.042;[(82.1, 128)]
GRB 131108A;0;No breaks;0.036;2.4;[]
GRB 131105A;2;Canonical;0.0325;1.686;[]
GRB 131103A;3;Canonical;0.0114;0.599;[(400, 600), (630, 1000)]
GRB 131031A;0;No breaks;0.026;N/A;[]
GRB 131030A;3;Oddball;0.0562;1.293;[(71.6, 205)]
GRB 131024B;1;One-break;0.0133;N/A;[]
GRB 131024A;2;Canonical;0.0526;N/A;[]
GRB 131018B;0;TBD;0.37;N/A;[]
GRB 131018A;4;Canonical;0.32;N/A;[(172, 225)]
GRB 131014A;0;No breaks;0.34;N/A;[]
GRB 131011A;0;TBD;0.0198;N/A;[]
GRB 131004A;0;No breaks;0.13;0.717;[(327, 1002)]
GRB 131002B;1;One-break;0.13;N/A;[]
GRB 131002A;1;One-break;0.074;N/A;[]
GRB 130929A;0;No breaks;0.85;N/A;[]
GRB 130925A;5;Canonical;0.0175;0.347;[(0.0, 150), (450, 1179), (1250, 16000.0)]
GRB 130912A;1;One-break;0.22;N/A;[]
GRB 130907A;4;Oddball;0.0103;1.238;[(0.0, 120), (200, 1000)]
GRB 130903A;0;No breaks;0.2;N/A;[]
GRB 130831B;1;One-break;0.0784;N/A;[]
GRB 130831A;3;Canonical;0.0574;0.4791;[]
GRB 130822A;0;TBD;0.03;N/A;[]
GRB 130816B;0;No breaks;0.55;N/A;[]
GRB 130816A;0;No breaks;0.53;N/A;[]
GRB 130812A;0;No breaks;0.25;N/A;[]
GRB 130807A;2;Canonical;0.71;N/A;[(88.6, 311)]
GRB 130806A;0;No breaks;0.54;N/A;[]
GRB 130803A;0;No breaks;0.0512;N/A;[(477, 668)]
GRB 130727A;0;No breaks;0.0308;N/A;[]
GRB 130725B;1;One-break;0.0636;N/A;[]
GRB 130725A;0;No breaks;0.0513;N/A;[]
GRB 130722A;4;Oddball;0.25;N/A;[(193, 395)]
GRB 130716A;0;No breaks;0.0163;N/A;[]
GRB 130702A;1;One-break;0.0183;0.145;[]
GRB 130701A;2;Canonical;0.092;1.155;[]
GRB 130627B;0;TBD;0.32;N/A;[]
GRB 130627A;0;No breaks;0.11;N/A;[]
GRB 130625A;0;No breaks;0.18;N/A;[]
GRB 130623A;0;TBD;0.0647;N/A;[]
GRB 130615A;1;One-break;0.12;N/A;[(189, 599)]
GRB 130612A;0;No breaks;0.0761;2.006;[]
GRB 130610A;1;One-break;0.0207;2.092;[]
GRB 130609B;4;Canonical;0.0151;N/A;[(82.3, 112), (129, 510)]
GRB 130609A;1;One-break;0.0297;N/A;[]
GRB 130608A;1;One-break;0.0808;N/A;[]
GRB 130606B;0;No breaks;0.0915;N/A;[]
GRB 130606A;2;Oddball;0.0214;5.91;[(78.7, 493)]
GRB 130605A;0;No breaks;0.35;N/A;[]
GRB 130604A;0;No breaks;0.0528;N/A;[]
GRB 130603B;2;Oddball;0.021;0.356;[]
GRB 130603A;1;One-break;0.0652;N/A;[]
GRB 130529A;1;One-break;0.0286;N/A;[]
GRB 130528A;3;Canonical;0.0926;N/A;[(543, 1452)]
GRB 130527A;3;Canonical;0.0434;N/A;[]
GRB 130518A;0;No breaks;0.15;N/A;[]
GRB 130515A;0;No breaks;0.0738;N/A;[]
GRB 130514B;0;No breaks;0.0406;N/A;[]
GRB 130514A;0;No breaks;0.14;N/A;[(79.4, 464)]
GRB 130513A;0;TBD;0.0382;N/A;[]
GRB 130511A;1;One-break;0.0226;1.3033;[]
GRB 130508A;0;No breaks;0.92;N/A;[]
GRB 130505B;0;No breaks;0.0264;N/A;[]
GRB 130505A;3;Canonical;0.0403;2.27;[]
GRB 130504C;0;No breaks;0.39;N/A;[]
GRB 130504A;1;One-break;0.96;N/A;[]
GRB 130502B;0;No breaks;0.18;N/A;[]
GRB 130502A;0;No breaks;0.0273;N/A;[]
GRB 130427B;2;Oddball;0.0535;2.78;[(115, 164)]
GRB 130427A;5;Oddball;0.0191;0.34;[(226, 272)]
GRB 130420B;0;No breaks;0.0152;N/A;[]
GRB 130420A;1;One-break;0.013;1.297;[]
GRB 130418A;1;One-break;0.0293;1.218;[]
GRB 130408A;3;Oddball;0.32;3.758;[]
GRB 130327B;0;No breaks;0.33;N/A;[]
GRB 130327A;2;Canonical;0.19;N/A;[]
GRB 130315A;3;Oddball;0.36;N/A;[]
GRB 130313A;0;TBD;;N/A;[]
GRB 130306A;0;No breaks;0.61;N/A;[]
GRB 130305A;0;No breaks;0.0581;N/A;[]
GRB 130211A;1;One-break;0.35;N/A;[(145, 460)]
GRB 130206A;0;TBD;0.53;N/A;[]
GRB 130131B;0;No breaks;0.0314;N/A;[]
GRB 130131A;2;Oddball;0.0151;N/A;[(107, 541), (985, 370000.0)]
GRB 130122A;0;No breaks;0.00958;N/A;[]
GRB 130102A;0;No breaks;0.94;N/A;[]
GRB 121229A;1;One-break;0.21;2.707;[(358, 619), (9704, 229000.0)]
GRB 121226A;0;No breaks;0.0755;N/A;[]
GRB 121217A;2;Canonical;0.51;N/A;[(185, 5702)]
GRB 121212A;0;No breaks;0.0448;N/A;[(196, 372), (512, 1011)]
GRB 121211A;3;Canonical;0.00976;1.023;[(80.8, 102), (124, 286)]
GRB 121209A;2;Canonical;0.044;2.1;[]
GRB 121202A;1;One-break;0.0454;N/A;[]
GRB 121201A;0;No breaks;0.0205;3.385;[]
GRB 121128A;2;Canonical;0.33;2.2;[(83.4, 127)]
GRB 121125A;2;Canonical;0.0132;N/A;[(88.7, 134)]
GRB 121123A;3;Canonical;0.0475;N/A;[(175, 908)]
GRB 121117A;0;No breaks;0.0632;N/A;[]
GRB 121108A;2;Canonical;0.32;N/A;[(52.0, 73.5), (77.7, 223)]
GRB 121102A;3;Oddball;0.68;N/A;[(54.6, 62.0)]
GRB 121031A;2;Canonical;0.0469;N/A;[(52.1, 128), (186, 220)]
GRB 121028A;0;No breaks;0.39;N/A;[(667, 1357)]
GRB 121027A;4;Canonical;0.0159;1.773;[(141, 194), (219, 520), (1070, 33800.0)]
GRB 121025A;0;TBD;0.0461;N/A;[]
GRB 121024A;3;Canonical;0.0787;2.298;[(174, 435)]
GRB 121017A;0;No breaks;0.36;N/A;[]
GRB 121011A;0;No breaks;0.0256;N/A;[]
GRB 121001A;0;No breaks;0.6;N/A;[]
GRB 120927A;1;One-break;0.0354;N/A;[]
GRB 120923A;0;No breaks;0.15;7.84;[]
GRB 120922A;3;Canonical;0.12;N/A;[(120, 164), (305, 707)]
GRB 120911A;0;No breaks;0.81;N/A;[]
GRB 120909A;1;One-break;0.0884;3.93;[]
GRB 120907A;1;One-break;0.0726;0.97;[]
GRB 120819A;0;No breaks;0.14;N/A;[]
GRB 120817A;0;No breaks;0.43;N/A;[]
GRB 120816A;0;No breaks;0.52;N/A;[]
GRB 120815A;0;No breaks;0.12;2.358;[]
GRB 120811C;3;Canonical;0.0223;2.671;[]
GRB 120811A;0;No breaks;0.29;N/A;[]
GRB 120807A;0;No breaks;0.64;N/A;[]
GRB 120805A;2;Oddball;0.0244;N/A;[]
GRB 120804A;0;No breaks;0.16;N/A;[]
GRB 120803B;0;No breaks;0.71;N/A;[]
GRB 120803A;0;TBD;0.38;N/A;[]
GRB 120802A;1;One-break;0.15;3.796;[]
GRB 120729A;2;Oddball;0.21;0.8;[]
GRB 120728A;0;No breaks;0.66;N/A;[(460, 951)]
GRB 120724A;1;One-break;0.052;1.48;[]
GRB 120722A;0;No breaks;0.0358;N/A;[]
GRB 120716A;0;TBD;0.075;2.48;[]
GRB 120714A;0;No breaks;0.075;N/A;[]
GRB 120712A;1;One-break;0.0412;4.1745;[]
GRB 120711B;0;No breaks;0.87;N/A;[(353, 824)]
GRB 120711A;0;No breaks;0.11;1.405;[]
GRB 120703A;2;Canonical;0.0127;N/A;[]
GRB 120701A;0;No breaks;0.0268;N/A;[]
GRB 120630A;0;No breaks;0.13;N/A;[]
GRB 120624B;0;TBD;0.0422;N/A;[]
GRB 120612A;2;Canonical;0.0698;N/A;[]
GRB 120521C;3;Canonical;0.0108;6;[]
GRB 120521B;1;One-break;0.36;N/A;[]
GRB 120521A;0;No breaks;0.35;N/A;[]
GRB 120514A;2;Canonical;0.75;N/A;[(94.7, 111), (128, 236)]
GRB 120422A;1;One-break;0.0425;0.28;[(88.1, 94.2)]
GRB 120419A;0;TBD;1.3;N/A;[]
GRB 120404A;2;Canonical;0.0398;2.87;[]
GRB 120403B;0;No breaks;0.14;N/A;[]
GRB 120401A;3;Oddball;0.0378;N/A;[(217, 322)]
GRB 120328A;1;One-break;0.3;N/A;[(96.4, 160)]
GRB 120327A;3;Canonical;0.27;2.81;[]
GRB 120326A;3;Canonical;0.0626;1.798;[(17300.0, 247000.00000000003)]
GRB 120324A;3;Canonical;0.6;N/A;[(69.4, 85.3), (100, 121)]
GRB 120320A;0;No breaks;0.022;N/A;[]
GRB 120312A;0;No breaks;0.0498;N/A;[]
GRB 120311B;0;No breaks;0.3;N/A;[]
GRB 120311A;0;No breaks;0.16;N/A;[]
GRB 120308A;2;Canonical;0.0319;N/A;[(112, 305)]
GRB 120305A;0;No breaks;0.21;N/A;[(58.4, 306)]
GRB 120302A;0;No breaks;0.0433;N/A;[]
GRB 120224A;1;One-break;0.0268;N/A;[]
GRB 120219A;3;Oddball;0.0384;N/A;[]
GRB 120215A;2;Oddball;0.0689;N/A;[]
GRB 120213A;5;Canonical;0.17;N/A;[(995, 11299.999999999998)]
GRB 120212A;0;No breaks;0.0328;N/A;[]
GRB 120211A;2;Canonical;0.019;N/A;[]
GRB 120202A;0;TBD;0.0138;N/A;[]
GRB 120121A;0;No breaks;0.26;N/A;[]
GRB 120119A;2;Canonical;0.11;1.728;[]
GRB 120118B;2;Canonical;0.0936;2.943;[]
GRB 120116A;4;Canonical;0.0553;N/A;[]
GRB 120106A;1;One-break;0.41;N/A;[]
GRB 120102A;2;Canonical;0.15;N/A;[(958, 10500.0)]
GRB 111229A;1;One-break;0.16;1.3805;[]
GRB 111228A;5;Canonical;0.0326;0.714;[(136, 139), (150, 176)]
GRB 111225A;4;Oddball;0.27;0.297;[]
GRB 111222A;0;TBD;0.0182;N/A;[]
GRB 111215B;0;No breaks;0.0171;N/A;[]
GRB 111215A;5;Canonical;0.0726;N/A;[(407, 460), (576, 701), (882, 1338)]
GRB 111212A;0;No breaks;0.0359;N/A;[]
GRB 111211A;0;No breaks;0.038;N/A;[]
GRB 111210A;0;No breaks;0.0209;N/A;[]
GRB 111209A;4;Canonical;0.0154;0.677;[(565, 655), (659, 898), (1208, 1675), (1680, 2060), (5299, 29100.0), (99300.0, 2270000.0)]
GRB 111208A;0;No breaks;0.12;N/A;[]
GRB 111205A;0;No breaks;0.31;N/A;[]
GRB 111204A;0;No breaks;0.0113;N/A;[]
GRB 111201A;0;No breaks;0.014;N/A;[]
GRB 111129A;1;One-break;0.037;N/A;[]
GRB 111123A;5;Canonical;0.0691;N/A;[(136, 162), (179, 203), (266, 302), (336, 371), (427, 671)]
GRB 111121A;5;Canonical;0.2;N/A;[]
GRB 111117A;0;No breaks;0.0414;2.211;[]
GRB 111109A;0;No breaks;0.47;N/A;[]
GRB 111107A;1;One-break;0.13;2.893;[(100, 514)]
GRB 111103B;2;Canonical;0.18;N/A;[(99.8, 382)]
GRB 111029A;0;No breaks;0.77;N/A;[]
GRB 111022B;4;Canonical;0.094;N/A;[]
GRB 111022A;0;No breaks;0.36;N/A;[]
GRB 111020A;0;No breaks;0.14;N/A;[]
GRB 111018A;0;No breaks;0.4;N/A;[]
GRB 111016A;1;One-break;0.0281;N/A;[(205, 333), (392, 6024)]
GRB 111008A;4;Canonical;0.00992;4.9898;[]
GRB 110928A;0;No breaks;0.0348;N/A;[]
GRB 110921A;0;No breaks;0.22;N/A;[(189, 347), (480, 758)]
GRB 110918A;0;No breaks;0.0177;N/A;[]
GRB 110915B;0;No breaks;0.11;N/A;[]
GRB 110915A;4;Canonical;0.0667;N/A;[(148, 231), (317, 377), (1579, 7686)]
GRB 110903A;0;No breaks;0.0137;N/A;[]
GRB 110820A;0;No breaks;0.48;N/A;[(163, 475)]
GRB 110818A;1;One-break;0.0293;3.36;[]
GRB 110808A;2;Canonical;0.0107;1.348;[]
GRB 110802A;0;No breaks;0.15;N/A;[]
GRB 110801A;1;One-break;0.0822;1.858;[(92.0, 136), (167, 248), (324, 1107)]
GRB 110731A;3;Oddball;0.16;2.83;[(61.4, 90.0)]
GRB 110726A;0;No breaks;0.0702;N/A;[(61.9, 121)]
GRB 110719A;2;Oddball;0.0463;N/A;[]
GRB 110715A;3;Canonical;0.43;0.82;[(73000.0, 90600.0)]
GRB 110709B;2;Oddball;0.0691;N/A;[(70.4, 111), (143, 206), (428, 1492)]
GRB 110709A;3;Oddball;0.0161;N/A;[(55.8, 74.4), (87.1, 120)]
GRB 110708A;0;TBD;;N/A;[]
GRB 110625A;2;Oddball;1.6;N/A;[]
GRB 110610A;2;Canonical;0.25;N/A;[]
GRB 110604A;0;No breaks;0.11;N/A;[]
GRB 110530A;1;One-break;0.0678;N/A;[]
GRB 110521A;0;No breaks;0.0558;N/A;[]
GRB 110520A;0;No breaks;0.03;N/A;[(185, 433)]
GRB 110503A;1;One-break;0.0284;1.613;[]
GRB 110428A;0;TBD;0.98;N/A;[]
GRB 110422A;1;One-break;0.0465;1.77;[]
GRB 110420A;5;Canonical;0.0131;N/A;[]
GRB 110414A;2;Canonical;0.44;N/A;[(135, 179), (282, 603)]
GRB 110411A;2;Canonical;0.0916;N/A;[]
GRB 110407A;2;Oddball;0.0212;N/A;[(402, 844)]
GRB 110402A;1;One-break;0.017;N/A;[]
GRB 110319B;0;No breaks;0.0292;N/A;[]
GRB 110319A;2;Canonical;0.0283;N/A;[]
GRB 110318B;0;No breaks;0.38;N/A;[]
GRB 110315A;2;Canonical;0.3;N/A;[(512, 552)]
GRB 110312A;2;Canonical;0.0423;N/A;[]
GRB 110305A;0;No breaks;0.3;N/A;[]
GRB 110223B;1;One-break;0.21;N/A;[]
GRB 110223A;2;Canonical;0.12;N/A;[]
GRB 110213B;0;No breaks;0.0517;N/A;[]
GRB 110213A;4;Canonical;0.34;1.46;[]
GRB 110210A;4;Canonical;0.0663;N/A;[(186, 205), (207, 326)]
GRB 110208A;2;Canonical;0.0253;N/A;[]
GRB 110206A;0;No breaks;0.0352;N/A;[]
GRB 110205A;3;Oddball;0.017;2.22;[(172, 352), (355, 373), (465, 489), (596, 684)]
GRB 110201A;0;No breaks;0.14;N/A;[]
GRB 110128A;1;One-break;0.00928;2.339;[]
GRB 110119A;5;Oddball;0.0867;N/A;[(50.8, 66.5), (112, 147), (155, 295), (370, 415), (516, 5338)]
GRB 110112A;0;No breaks;0.068;N/A;[]
GRB 110107A;0;No breaks;0.47;N/A;[]
GRB 110106B;1;One-break;0.0255;N/A;[]
GRB 110106A;0;No breaks;0.22;N/A;[]
GRB 110102A;3;Canonical;0.0606;N/A;[(138, 182), (195, 389)]
GRB 101225A;4;Oddball;0.11;0.847;[(4998, 7367), (10700.0, 35500.0)]
GRB 101224A;0;TBD;0.0529;N/A;[]
GRB 101219B;2;Oddball;0.0332;N/A;[(273, 577)]
GRB 101219A;0;No breaks;0.0579;0.718;[]
GRB 101213A;2;Oddball;0.0572;N/A;[]
GRB 101204A;0;No breaks;0.0375;N/A;[]
GRB 101201A;0;No breaks;0.0238;N/A;[]
GRB 101117B;1;One-break;0.25;N/A;[]
GRB 101114A;0;No breaks;0.2;N/A;[]
GRB 101112A;0;No breaks;0.19;N/A;[]
GRB 101030A;3;Canonical;0.0496;N/A;[]
GRB 101024A;1;One-break;0.0863;N/A;[]
GRB 101023A;3;Oddball;0.0291;N/A;[]
GRB 101017A;4;Oddball;0.12;N/A;[]
GRB 101011A;0;No breaks;0.0367;N/A;[]
GRB 101008A;0;No breaks;0.23;N/A;[]
GRB 100915A;2;Canonical;0.37;N/A;[]
GRB 100909A;0;No breaks;0.42;N/A;[]
GRB 100906A;2;Canonical;0.35;1.727;[(87.1, 197)]
GRB 100905A;0;No breaks;0.0657;N/A;[(228, 594)]
GRB 100902A;2;Canonical;0.22;N/A;[(355, 638)]
GRB 100901A;3;Canonical;0.0949;1.408;[(295, 569), (16900.0, 55900.0)]
GRB 100823A;1;One-break;0.0421;N/A;[]
GRB 100816A;0;No breaks;0.0571;0.8049;[]
GRB 100814A;4;Canonical;0.0185;1.44;[(112, 395), (631, 6301), (73500.0, 763000.0)]
GRB 100807A;1;One-break;0.47;N/A;[(87.1, 115)]
GRB 100805A;2;Canonical;0.26;N/A;[(393, 4398)]
GRB 100802A;3;Canonical;0.14;N/A;[(74.5, 123), (277, 4852)]
GRB 100728B;1;One-break;0.0793;2.106;[]
GRB 100728A;5;Canonical;0.17;1.567;[(84.0, 101), (110, 147), (194, 252), (253, 296), (297, 359), (382, 421), (449, 487), (514, 893), (5288, 11399.999999999998)]
GRB 100727A;2;Canonical;0.0607;N/A;[(136, 597)]
GRB 100725B;3;Canonical;0.0705;N/A;[(87.2, 98.5), (113, 354)]
GRB 100725A;2;Oddball;0.0547;N/A;[(184, 373)]
GRB 100724A;0;No breaks;0.039;1.288;[]
GRB 100713A;0;No breaks;0.0615;N/A;[]
GRB 100704A;3;Canonical;0.16;N/A;[(79.7, 471), (589, 1291)]
GRB 100702A;0;No breaks;0.42;N/A;[(124, 372)]
GRB 100628A;0;TBD;0.17;N/A;[]
GRB 100625A;0;No breaks;0.0223;N/A;[]
GRB 100621A;5;Canonical;0.0319;0.542;[(134, 250)]
GRB 100619A;2;Canonical;0.0219;N/A;[(72.6, 128), (870, 5397)]
GRB 100615A;2;Canonical;0.0374;1.398;[]
GRB 100614A;5;Canonical;0.0241;N/A;[(159, 181), (194, 227)]
GRB 100606A;3;Canonical;0.026;N/A;[]
GRB 100528A;0;No breaks;0.27;N/A;[]
GRB 100526B;0;TBD;0.0116;N/A;[]
GRB 100526A;2;Oddball;0.0441;N/A;[(170, 256)]
GRB 100522A;2;Canonical;0.0505;N/A;[]
GRB 100518A;0;No breaks;0.0828;N/A;[]
GRB 100514A;1;One-break;0.1;N/A;[]
GRB 100513A;1;One-break;0.0493;4.772;[(111, 138), (192, 280)]
GRB 100508A;2;Canonical;0.0261;N/A;[]
GRB 100504A;2;Oddball;0.51;N/A;[(52.6, 61.9), (75.6, 116)]
GRB 100425A;3;Canonical;0.12;1.755;[(72.5, 77.5), (111, 160)]
GRB 100424A;2;Oddball;0.0253;2.465;[]
GRB 100420A;0;No breaks;0.17;N/A;[]
GRB 100418A;4;Canonical;0.0608;0.6235;[]
GRB 100414A;0;No breaks;0.0191;N/A;[]
GRB 100413A;2;Canonical;0.0999;N/A;[(197, 230)]
GRB 100331B;0;No breaks;0.0643;N/A;[]
GRB 100316D;1;One-break;0.1;0.059;[]
GRB 100316C;0;No breaks;0.0436;N/A;[]
GRB 100316B;0;No breaks;0.15;1.18;[]
GRB 100316A;0;No breaks;0.0494;N/A;[]
GRB 100305A;2;Canonical;0.0225;N/A;[]
GRB 100302A;3;Canonical;0.0205;4.813;[(116, 155), (168, 197), (218, 603)]
GRB 100219A;2;Canonical;0.084;4.6667;[]
GRB 100213B;0;No breaks;0.0747;N/A;[]
GRB 100213A;0;No breaks;0.19;N/A;[]
GRB 100212A;1;One-break;0.2;N/A;[(66.5, 500), (625, 844)]
GRB 100206A;0;TBD;0.24;N/A;[]
GRB 100205A;0;No breaks;0.0175;N/A;[]
GRB 100117A;2;Oddball;0.0291;0.92;[]
GRB 100115A;0;No breaks;0.0357;N/A;[]
GRB 100111A;0;No breaks;0.0488;N/A;[]
GRB 100103A;0;No breaks;0.37;N/A;[]
GRB 091230;0;No breaks;0.44;N/A;[]
GRB 091221;1;One-break;0.19;N/A;[(90.6, 169)]
GRB 091208B;3;Canonical;0.0575;1.063;[]
GRB 091202;0;No breaks;0.0449;N/A;[]
GRB 091130B;3;Canonical;0.00825;N/A;[(82.2, 164)]
GRB 091127;1;One-break;0.0311;0.49;[]
GRB 091111;0;No breaks;0.77;N/A;[]
GRB 091109B;0;No breaks;0.14;N/A;[]
GRB 091109A;1;One-break;0.0334;3.076;[]
GRB 091104;2;Oddball;0.0181;N/A;[(186, 295)]
GRB 091102;0;No breaks;0.15;N/A;[]
GRB 091029;4;Canonical;0.0118;2.752;[(261, 685)]
GRB 091026;3;Canonical;0.13;N/A;[(160, 546), (619, 6068)]
GRB 091024;0;No breaks;0.63;1.092;[]
GRB 091020;2;Canonical;0.0145;1.71;[]
GRB 091018;2;Oddball;0.0307;0.971;[]
GRB 091010;0;No breaks;0.12;N/A;[]
GRB 091003;0;No breaks;0.0184;0.897;[]
GRB 090929B;1;One-break;0.0648;N/A;[(91.7, 189)]
GRB 090927;1;One-break;0.0322;1.37;[]
GRB 090926B;2;Oddball;0.0202;1.24;[]
GRB 090926A;0;No breaks;0.0305;2.1062;[]
GRB 090915;0;TBD;0.0367;N/A;[]
GRB 090912;0;No breaks;0.0134;N/A;[]
GRB 090904B;1;One-break;0.47;N/A;[]
GRB 090904A;3;Canonical;0.13;N/A;[(286, 412)]
GRB 090902B;0;No breaks;0.0453;1.822;[]
GRB 090831C;0;No breaks;0.47;N/A;[(165, 235)]
GRB 090827;0;TBD;0.0162;N/A;[]
GRB 090823;0;No breaks;0.0454;N/A;[]
GRB 090817;0;No breaks;0.55;N/A;[]
GRB 090814B;0;No breaks;0.5;N/A;[]
GRB 090814A;3;Oddball;0.0588;0.696;[]
GRB 090813;2;Oddball;0.1;N/A;[]
GRB 090812;5;Canonical;0.0247;2.452;[(109, 171), (236, 319)]
GRB 090809;0;No breaks;0.0816;2.737;[(176, 192), (3568, 9385)]
GRB 090807;2;Canonical;0.14;N/A;[(142, 163), (176, 258), (5577, 17500.0)]
GRB 090728;2;Canonical;0.0927;N/A;[]
GRB 090727;0;No breaks;0.39;N/A;[(166, 300)]
GRB 090726;0;No breaks;0.0438;2.71;[]
GRB 090720;0;No breaks;0.0361;N/A;[]
GRB 090715B;2;Oddball;0.014;3;[(64.6, 90.2), (141, 368)]
GRB 090709A;4;Canonical;0.0844;1.8;[(85.4, 105), (248, 314), (355, 468)]
GRB 090702;0;No breaks;0.0397;N/A;[]
GRB 090628;0;No breaks;0.14;N/A;[]
GRB 090625B;0;No breaks;0.0218;N/A;[]
GRB 090621B;0;No breaks;0.32;N/A;[]
GRB 090621A;1;One-break;0.7;N/A;[(181, 489)]
GRB 090618;5;Canonical;0.0759;0.54;[(315, 593), (596, 658), (671, 762), (766, 800), (805, 848)]
GRB 090607;0;No breaks;0.0195;N/A;[]
GRB 090531B;0;TBD;0.45;N/A;[]
GRB 090531A;0;No breaks;0.0136;N/A;[]
GRB 090530;2;Canonical;0.019;1.266;[]
GRB 090529;1;One-break;0.017;2.625;[]
GRB 090519;0;No breaks;0.0334;3.85;[]
GRB 090518;0;No breaks;0.0537;N/A;[]
GRB 090516;3;Canonical;0.0526;4.109;[(212, 326)]
GRB 090515;0;No breaks;0.0207;N/A;[(74.6, 247)]
GRB 090510;1;One-break;0.0177;0.903;[]
GRB 090429B;1;One-break;0.0125;N/A;[]
GRB 090429A;0;No breaks;0.0514;N/A;[(80.4, 137), (155, 205)]
GRB 090426;0;No breaks;0.0158;2.609;[]
GRB 090424;5;Canonical;0.0202;0.544;[]
GRB 090423;1;One-break;0.0317;8.2;[(157, 403)]
GRB 090422;0;No breaks;0.26;N/A;[]
GRB 090419;0;No breaks;0.22;N/A;[(308, 564)]
GRB 090418A;2;Canonical;0.0409;1.608;[]
GRB 090417B;3;Canonical;0.0169;0.345;[(473, 603), (605, 655), (1229, 5582)]
GRB 090407;4;Canonical;0.0506;N/A;[(119, 387)]
GRB 090404;3;Canonical;0.022;3;[(107, 144)]
GRB 090401B;1;One-break;0.38;N/A;[]
GRB 090328A;0;No breaks;0.0606;0.736;[]
GRB 090323;0;No breaks;0.0183;3.57;[]
GRB 090313;1;One-break;0.0229;3.375;[]
GRB 090309;0;No breaks;0.18;N/A;[]
GRB 090308;1;One-break;0.12;N/A;[]
GRB 090307;0;No breaks;0.26;N/A;[]
GRB 090306B;0;TBD;0.0885;N/A;[]
GRB 090205;1;One-break;0.11;4.65;[]
GRB 090201;3;Oddball;0.0611;2.1;[]
GRB 090126A;0;No breaks;0.23;N/A;[]
GRB 090123;2;Canonical;0.0188;N/A;[]
GRB 090118;0;No breaks;0.13;N/A;[]
GRB 090117;0;No breaks;1.0;N/A;[]
GRB 090113;1;One-break;0.0888;N/A;[]
GRB 090111;1;One-break;0.0998;N/A;[(414, 1429)]
GRB 090107B;0;No breaks;0.0607;N/A;[]
GRB 090102;1;One-break;0.0469;1.547;[]
GRB 081230;2;Canonical;0.0177;N/A;[]
GRB 081228;0;No breaks;0.14;N/A;[]
GRB 081226A;0;No breaks;0.19;N/A;[]
GRB 081224;0;TBD;0.0259;N/A;[]
GRB 081222;3;Canonical;0.0237;2.77;[(17400.0, 156000.0)]
GRB 081221;3;Canonical;0.0217;2.26;[(93.8, 159)]
GRB 081211B;0;No breaks;0.00787;N/A;[]
GRB 081211;0;No breaks;0.0204;N/A;[]
GRB 081210;3;Canonical;0.0618;2.0631;[(113, 255), (284, 477)]
GRB 081204;0;No breaks;0.0202;N/A;[]
GRB 081203B;2;Oddball;0.0208;N/A;[]
GRB 081203A;4;Oddball;0.0181;2.1;[(4170, 75200.0)]
GRB 081128;1;One-break;0.0724;N/A;[]
GRB 081127;2;Oddball;0.0902;N/A;[]
GRB 081126;1;One-break;0.56;N/A;[]
GRB 081121;0;No breaks;0.0475;2.512;[]
GRB 081118;1;One-break;0.0426;2.58;[]
GRB 081109;2;Oddball;0.0166;0.9787;[]
GRB 081105;0;No breaks;0.0331;N/A;[]
GRB 081104;0;No breaks;0.1;N/A;[]
GRB 081102;1;One-break;0.64;N/A;[(928, 1703)]
GRB 081029;1;One-break;0.0302;3.847;[]
GRB 081028;3;Oddball;0.0439;3.038;[(301, 394), (395, 417), (754, 5542), (11500.0, 186000.0)]
GRB 081025;0;TBD;0.0177;N/A;[]
GRB 081024A;0;No breaks;0.92;N/A;[]
GRB 081016B;0;No breaks;0.0201;N/A;[]
GRB 081016A;0;No breaks;0.3;N/A;[]
GRB 081012;0;No breaks;0.0257;N/A;[]
GRB 081011;0;No breaks;0.0107;N/A;[]
GRB 081008;2;Canonical;0.0928;1.967;[(105, 243), (286, 405)]
GRB 081007;2;Canonical;0.0144;0.5295;[]
GRB 081003A;0;No breaks;0.0873;N/A;[]
GRB 081001;0;No breaks;1.0;N/A;[]
GRB 080928;3;Canonical;0.0717;1.69;[(189, 264), (339, 405)]
GRB 080919;0;No breaks;0.4;N/A;[]
GRB 080916C;0;No breaks;0.26;N/A;[]
GRB 080916B;0;No breaks;0.019;N/A;[]
GRB 080916A;3;Canonical;0.0195;0.689;[]
GRB 080915A;0;No breaks;0.0796;N/A;[]
GRB 080913;0;No breaks;0.0366;6.7;[(1218, 12600.0)]
GRB 080906;2;Canonical;0.18;N/A;[(150, 370), (540, 674)]
GRB 080905B;3;Canonical;0.0405;2.374;[]
GRB 080905A;0;No breaks;0.13;0.1218;[]
GRB 080903;2;Oddball;0.27;N/A;[]
GRB 080828;0;No breaks;0.78;N/A;[]
GRB 080825B;0;No breaks;0.33;N/A;[]
GRB 080810;3;Canonical;0.0362;3.35;[(86.9, 150), (192, 364)]
GRB 080805;1;One-break;0.0393;1.51;[(83.0, 218)]
GRB 080804;0;No breaks;0.0172;2.2;[]
GRB 080802;2;Canonical;0.42;N/A;[(88.0, 111)]
GRB 080727C;0;No breaks;0.82;N/A;[]
GRB 080727B;1;One-break;0.51;N/A;[]
GRB 080727A;0;No breaks;0.0879;N/A;[]
GRB 080723B;0;No breaks;0.89;N/A;[]
GRB 080723A;1;One-break;0.54;N/A;[]
GRB 080721;5;Oddball;0.0927;2.6;[]
GRB 080714;2;Oddball;0.69;N/A;[]
GRB 080710;1;One-break;0.052;0.85;[]
GRB 080707;2;Canonical;0.0932;1.23;[]
GRB 080703;1;One-break;0.0652;N/A;[]
GRB 080702B;0;TBD;0.0322;N/A;[]
GRB 080702A;0;No breaks;0.29;N/A;[]
GRB 080701;0;No breaks;0.31;N/A;[]
GRB 080625;0;No breaks;0.21;N/A;[]
GRB 080623;0;No breaks;0.39;N/A;[]
GRB 080613B;2;Oddball;0.0355;N/A;[(113, 215)]
GRB 080613A;0;No breaks;0.022;N/A;[]
GRB 080607;5;Canonical;0.0182;3.04;[(86.0, 98.1), (117, 185)]
GRB 080605;2;Oddball;0.1;1.64;[]
GRB 080604;1;One-break;0.0446;1.42;[]
GRB 080603B;1;One-break;0.0127;2.69;[]
GRB 080603A;0;No breaks;0.0553;1.69;[]
GRB 080602;2;Canonical;0.04;1.8204;[]
GRB 080523;2;Oddball;0.0225;N/A;[]
GRB 080520;0;No breaks;0.0875;1.55;[]
GRB 080517;0;No breaks;0.11;N/A;[]
GRB 080516;1;One-break;0.46;N/A;[]
GRB 080515;0;No breaks;0.0538;N/A;[]
GRB 080514B;0;No breaks;0.0443;N/A;[]
GRB 080507;0;No breaks;0.0135;N/A;[]
GRB 080506;1;One-break;0.27;N/A;[(157, 216), (282, 5393)]
GRB 080503;2;Oddball;0.0699;N/A;[]
GRB 080430;2;Canonical;0.00992;0.767;[]
GRB 080426;0;No breaks;0.51;N/A;[]
GRB 080413B;1;One-break;0.0343;1.1;[]
GRB 080413A;1;One-break;0.13;2.43;[]
GRB 080411;1;One-break;0.0646;1.03;[]
GRB 080409;0;No breaks;0.37;N/A;[]
GRB 080405;0;No breaks;0.0373;N/A;[]
GRB 080330;0;No breaks;0.0129;1.51;[]
GRB 080328;3;Canonical;0.48;N/A;[]
GRB 080325;1;One-break;0.0461;1.78;[(163, 175), (194, 408)]
GRB 080320;1;One-break;0.0141;N/A;[(275, 483)]
GRB 080319D;0;No breaks;0.32;N/A;[(270, 566)]
GRB 080319C;2;Oddball;0.0239;1.95;[]
GRB 080319B;4;Oddball;0.0115;0.94;[(75600.0, 2910000.0)]
GRB 080319A;0;No breaks;0.0152;2.0265;[]
GRB 080310;2;Canonical;0.0375;2.43;[(135, 1091)]
GRB 080307;2;Oddball;0.0258;N/A;[(141, 544)]
GRB 080303;1;One-break;0.2;N/A;[]
GRB 080229B;0;No breaks;1.0;N/A;[]
GRB 080229A;4;Canonical;0.13;N/A;[]
GRB 080218B;0;No breaks;0.22;N/A;[]
GRB 080212;2;Oddball;0.11;N/A;[(171, 446)]
GRB 080210;1;One-break;0.0689;2.64;[(171, 270)]
GRB 080207;1;One-break;0.0211;2.0858;[]
GRB 080205;2;Canonical;0.1;2.72;[]
GRB 080130;0;No breaks;0.2;N/A;[]
GRB 080129;3;Canonical;0.79;N/A;[]
GRB 080123;2;Oddball;0.0251;N/A;[(158, 222)]
GRB 080120;0;No breaks;0.11;N/A;[]
GRB 071227;0;No breaks;0.013;0.383;[(159, 246)]
GRB 071122;0;No breaks;0.0559;1.14;[]
GRB 071118;2;Canonical;0.19;N/A;[(349, 1475)]
GRB 071117;0;No breaks;0.0252;1.33;[]
GRB 071112C;2;Canonical;0.11;0.82;[(552, 1058)]
GRB 071104;0;No breaks;0.41;N/A;[]
GRB 071101;0;No breaks;0.71;N/A;[]
GRB 071031;2;Oddball;0.0125;2.69;[(117, 182), (188, 226), (245, 278), (359, 6995)]
GRB 071028B;0;TBD;0.0127;N/A;[]
GRB 071028A;1;One-break;0.062;N/A;[]
GRB 071025;2;Oddball;0.0654;4.8;[]
GRB 071021;2;Canonical;0.0587;2.452;[(185, 283), (1416, 7598)]
GRB 071020;3;Canonical;0.0625;2.146;[(63099.99999999999, 1480000.0)]
GRB 071011;0;No breaks;0.66;N/A;[]
GRB 071010B;0;No breaks;0.0104;0.947;[]
GRB 071010A;1;One-break;0.0899;0.98;[]
GRB 071008;0;No breaks;0.00902;N/A;[]
GRB 071003;1;One-break;0.16;1.60435;[]
GRB 070925;0;No breaks;0.25;N/A;[]
GRB 070920B;0;TBD;;N/A;[]
GRB 070917;0;No breaks;0.3;N/A;[]
GRB 070913;0;TBD;0.12;N/A;[]
GRB 070911;0;No breaks;0.0254;N/A;[]
GRB 070810A;1;One-break;0.0188;2.17;[]
GRB 070809;0;No breaks;0.0859;N/A;[]
GRB 070808;1;One-break;0.0306;N/A;[]
GRB 070802;2;Canonical;0.0318;2.45;[]
GRB 070729;0;TBD;0.0268;N/A;[]
GRB 070724B;0;No breaks;0.45;N/A;[]
GRB 070724A;0;No breaks;0.0121;0.457;[(85.9, 122)]
GRB 070721B;2;Canonical;0.0256;3.626;[(166, 1106)]
GRB 070721A;1;One-break;0.0168;N/A;[]
GRB 070714B;4;Canonical;0.0982;0.92;[]
GRB 070714A;0;No breaks;0.15;N/A;[]
GRB 070707;0;TBD;0.0792;N/A;[]
GRB 070704;0;No breaks;0.85;N/A;[(159, 215), (265, 696)]
GRB 070628;1;One-break;0.72;N/A;[]
GRB 070621;3;Canonical;0.0443;N/A;[(137, 155)]
GRB 070616;3;Canonical;0.48;N/A;[(194, 203), (244, 258), (259, 707), (714, 802), (805, 845)]
GRB 070615;0;TBD;0.0593;N/A;[]
GRB 070612B;0;No breaks;0.3;N/A;[]
GRB 070611;0;No breaks;0.0144;2.04;[]
GRB 070531;0;No breaks;0.35;N/A;[]
GRB 070529;2;Canonical;0.3;2.5;[]
GRB 070521;2;Oddball;0.0324;2.0865;[]
GRB 070520B;0;No breaks;0.043;N/A;[(143, 380)]
GRB 070520A;1;One-break;0.0231;N/A;[]
GRB 070518;1;One-break;0.0157;N/A;[(98.5, 291)]
GRB 070517;1;One-break;0.13;N/A;[]
GRB 070509;0;No breaks;0.12;N/A;[]
GRB 070508;4;Oddball;0.12;0.82;[]
GRB 070506;0;No breaks;0.0444;2.31;[]
GRB 070429B;0;No breaks;0.0194;N/A;[]
GRB 070429A;2;Canonical;0.14;N/A;[]
GRB 070420;3;Canonical;0.47;N/A;[]
GRB 070419B;3;Canonical;0.0908;1.9588;[(87.1, 147), (190, 338)]
GRB 070419A;2;Oddball;0.0263;0.97;[]
GRB 070412;1;One-break;0.0289;N/A;[]
GRB 070411;0;No breaks;0.4;2.95;[]
GRB 070330;0;No breaks;0.068;N/A;[(182, 387)]
GRB 070328;4;Canonical;0.0288;2.0627;[]
GRB 070318;3;Canonical;0.015;0.84;[(69.9, 90.6), (235, 547)]
GRB 070311;2;Canonical;0.38;N/A;[]
GRB 070309;0;TBD;0.67;N/A;[]
GRB 070306;5;Canonical;0.0313;1.496;[(172, 208)]
GRB 070227;0;No breaks;0.37;N/A;[]
GRB 070224;1;One-break;0.0445;N/A;[]
GRB 070223;2;Oddball;0.0145;1.6295;[]
GRB 070220;3;Oddball;0.49;N/A;[]
GRB 070219;0;No breaks;0.0448;N/A;[]
GRB 070208;1;One-break;0.0184;1.17;[]
GRB 070129;5;Canonical;0.0997;2.3384;[(139, 149), (229, 1004)]
GRB 070125;1;One-break;0.0513;1.5471;[]
GRB 070110;2;Canonical;0.0168;2.352;[(5733, 23800.0), (38700.0, 2310000.0)]
GRB 070107;2;Oddball;0.44;N/A;[(255, 543), (52900.0, 279000.0)]
GRB 070103;1;One-break;0.0551;N/A;[]
GRB 061222B;1;One-break;0.4;3.36;[]
GRB 061222A;3;Canonical;0.13;2.088;[(116, 156), (24300.0, 36200.0), (40199.99999999999, 99200.0)]
GRB 061217;0;TBD;0.0396;0.827;[]
GRB 061210;0;No breaks;0.0359;N/A;[]
GRB 061202;2;Canonical;0.18;2.253;[(128, 193), (6447, 21900.0)]
GRB 061201;1;One-break;0.0672;N/A;[]
GRB 061126;0;No breaks;0.17;N/A;[]
GRB 061122;0;No breaks;0.2;N/A;[]
GRB 061121;4;Canonical;0.0463;1.314;[(68.8, 81.4), (111, 128)]
GRB 061110B;0;No breaks;0.0386;3.44;[]
GRB 061110A;2;Oddball;0.053;0.757;[(109, 206)]
GRB 061102;1;One-break;0.053;N/A;[]
GRB 061028;2;Oddball;0.19;N/A;[]
GRB 061025;0;No breaks;0.048;N/A;[]
GRB 061021;3;Canonical;0.0553;0.3463;[]
GRB 061019;1;One-break;0.52;N/A;[]
GRB 061007;3;Oddball;0.0189;1.26;[]
GRB 061006;0;No breaks;0.25;N/A;[]
GRB 061004;2;Canonical;0.0546;N/A;[]
GRB 061002;1;One-break;0.0419;N/A;[]
GRB 060929;0;No breaks;0.0421;N/A;[(205, 1049)]
GRB 060928;0;No breaks;1.1;N/A;[]
GRB 060927;1;One-break;0.0554;5.467;[]
GRB 060926;1;One-break;0.11;3.2;[]
GRB 060923C;2;Canonical;0.0625;N/A;[]
GRB 060923B;0;No breaks;0.13;N/A;[]
GRB 060923A;2;Canonical;0.0545;N/A;[]
GRB 060919;0;No breaks;0.0744;N/A;[]
GRB 060912A;0;No breaks;0.047;0.94;[]
GRB 060908;1;One-break;0.0255;1.8836;[]
GRB 060906;1;One-break;0.16;3.69;[]
GRB 060904B;1;One-break;0.19;0.7;[(130, 3862)]
GRB 060904A;2;Canonical;0.014;N/A;[(160, 234), (248, 446), (647, 981)]
GRB 060901;0;No breaks;0.35;N/A;[]
GRB 060825;0;No breaks;0.43;N/A;[]
GRB 060814;5;Canonical;0.0258;1.9229;[(123, 162)]
GRB 060813;3;Oddball;0.44;N/A;[]
GRB 060807;3;Canonical;0.027;N/A;[]
GRB 060805B;0;No breaks;0.0356;N/A;[]
GRB 060805A;0;No breaks;0.0167;N/A;[]
GRB 060804;1;One-break;0.59;N/A;[]
GRB 060801;0;No breaks;0.0143;1.13;[]
GRB 060729;5;Canonical;0.054;0.54;[(130, 146), (166, 225)]
GRB 060719;2;Canonical;0.0208;1.532;[(155, 914)]
GRB 060717;0;No breaks;0.013;N/A;[]
GRB 060714;2;Canonical;0.0788;2.71;[(122, 219)]
GRB 060712;2;Canonical;0.0173;N/A;[]
GRB 060708;2;Canonical;0.0217;N/A;[]
GRB 060707;2;Canonical;0.0154;3.43;[]
GRB 060614;5;Canonical;0.0199;0.125;[]
GRB 060607A;4;Canonical;0.0265;3.082;[(94.0, 120), (163, 453)]
GRB 060605;3;Canonical;0.0474;3.8;[]
GRB 060604;2;Canonical;0.0478;2.68;[(124, 225)]
GRB 060602B;0;No breaks;1.4;N/A;[]
GRB 060602A;0;No breaks;0.0272;N/A;[]
GRB 060526;2;Canonical;0.0632;3.21;[(205, 1089)]
GRB 060522;1;One-break;0.049;5.11;[]
GRB 060515;0;No breaks;0.0264;N/A;[]
GRB 060512;1;One-break;0.016;0.4428;[(181, 339)]
GRB 060510B;2;Oddball;0.046;4.9;[(155, 451), (627, 1013)]
GRB 060510A;3;Canonical;0.5;N/A;[]
GRB 060507;0;No breaks;0.14;N/A;[]
GRB 060505;0;No breaks;0.0184;0.0894;[]
GRB 060502B;0;TBD;0.049;N/A;[]
GRB 060502A;2;Canonical;0.0384;1.51;[]
GRB 060501;0;No breaks;0.36;N/A;[]
GRB 060428B;1;One-break;0.0138;N/A;[]
GRB 060428A;3;Oddball;0.91;N/A;[(76.6, 154)]
GRB 060427;1;One-break;0.0454;N/A;[]
GRB 060421;0;No breaks;1.0;N/A;[]
GRB 060418;3;Oddball;0.16;1.49;[(83.6, 110), (117, 189)]
GRB 060413;3;Canonical;1.2;N/A;[(499, 1833)]
GRB 060403;2;Oddball;0.58;N/A;[]
GRB 060323;0;No breaks;0.0156;N/A;[]
GRB 060322;0;TBD;0.16;N/A;[]
GRB 060319;3;Canonical;0.0156;N/A;[]
GRB 060313;3;Canonical;0.0617;N/A;[]
GRB 060312;1;One-break;0.19;N/A;[(71.1, 214)]
GRB 060306;2;Canonical;0.0384;1.55;[]
GRB 060223A;0;No breaks;0.099;4.41;[(1078, 5734)]
GRB 060219;2;Canonical;0.0258;N/A;[]
GRB 060218;2;Oddball;0.14;0.0331;[(272, 292), (293, 6665)]
GRB 060211B;0;No breaks;0.3;N/A;[]
GRB 060211A;2;Oddball;0.18;N/A;[]
GRB 060210;3;Canonical;0.0864;3.91;[(103, 130), (169, 291), (304, 3908)]
GRB 060206;2;Canonical;0.00962;4.05;[]
GRB 060204B;2;Canonical;0.0175;2.3393;[(111, 139), (179, 429)]
GRB 060203;0;No breaks;0.0945;N/A;[]
GRB 060202;1;One-break;0.0513;0.785;[(355, 416), (418, 453), (457, 1014), (4578, 2740000.0)]
GRB 060124;2;Oddball;0.13;2.297;[(187, 999)]
GRB 060123;0;No breaks;0.0133;N/A;[]
GRB 060121;0;No breaks;0.0147;N/A;[]
GRB 060116;0;No breaks;0.32;N/A;[]
GRB 060115;2;Canonical;0.15;3.53;[(314, 675)]
GRB 060111B;2;Canonical;0.11;N/A;[]
GRB 060111A;1;One-break;0.0327;N/A;[(74.1, 127), (150, 196), (219, 4079)]
GRB 060110;0;No breaks;0.36;N/A;[]
GRB 060109;3;Canonical;0.15;N/A;[]
GRB 060108;1;One-break;0.0189;N/A;[]
GRB 060105;4;Canonical;0.23;N/A;[(41000.0, 93900.0)]
GRB 051227;1;One-break;0.0384;N/A;[]
GRB 051221B;0;No breaks;0.6;N/A;[]
GRB 051221A;2;Canonical;0.0752;0.5465;[]
GRB 051211B;0;No breaks;0.46;N/A;[]
GRB 051210;0;No breaks;0.0204;N/A;[]
GRB 051117B;0;No breaks;0.0557;N/A;[]
GRB 051117A;5;Oddball;0.019;N/A;[(300, 708), (850, 1190), (1261, 1732), (22300.0, 2049999.9999999998)]
GRB 051111;0;No breaks;0.0822;1.55;[]
GRB 051109B;1;One-break;0.18;N/A;[]
GRB 051109A;2;Canonical;0.26;2.346;[]
GRB 051028;0;No breaks;0.18;N/A;[]
GRB 051022;1;One-break;0.0448;0.8;[]
GRB 051021B;0;No breaks;0.85;N/A;[]
GRB 051021A;0;No breaks;0.0568;N/A;[]
GRB 051016B;3;Canonical;0.0354;0.9364;[]
GRB 051016A;1;One-break;0.17;N/A;[]
GRB 051012;0;TBD;0.15;N/A;[]
GRB 051008;1;One-break;0.00988;N/A;[]
GRB 051006;0;No breaks;0.0987;1.059;[]
GRB 051001;2;Oddball;0.012;2.4296;[]
GRB 050922C;1;One-break;0.0758;2.198;[]
GRB 050922B;3;Canonical;0.0352;4.9;[(366, 395), (601, 1608)]
GRB 050916;0;No breaks;0.95;N/A;[(16500.0, 36400.0)]
GRB 050915B;3;Canonical;0.35;N/A;[]
GRB 050915A;3;Canonical;0.0218;N/A;[]
GRB 050908;0;No breaks;0.0256;3.35;[(376, 772)]
GRB 050904;3;Canonical;0.0564;6.29;[(332, 578), (674, 1404), (5946, 7585), (11500.0, 59700.0)]
GRB 050827;0;No breaks;0.3;N/A;[]
GRB 050826;0;No breaks;0.33;0.297;[]
GRB 050824;0;No breaks;0.0419;0.83;[]
GRB 050822;2;Canonical;0.0147;1.434;[(125, 171), (207, 278), (354, 768)]
GRB 050820B;0;No breaks;0.12;N/A;[]
GRB 050820A;3;Canonical;0.0522;2.612;[(218, 4698)]
GRB 050819;1;One-break;0.0617;N/A;[]
GRB 050815;1;One-break;0.37;N/A;[]
GRB 050814;4;Canonical;0.0247;5.3;[(1220, 13300.0)]
GRB 050813;0;TBD;0.0534;N/A;[]
GRB 050803;2;Canonical;0.064;4.3;[(227, 1478), (7015, 30400.0)]
GRB 050802;5;Canonical;0.0196;1.71;[]
GRB 050801;0;No breaks;0.0851;N/A;[]
GRB 050730;5;Canonical;0.0351;3.97;[(200, 266), (333, 545), (620, 791)]
GRB 050726;1;One-break;0.0598;N/A;[(240, 329)]
GRB 050724;3;Oddball;0.28;0.257;[(160, 221), (236, 337), (1100, 3000), (12000.0, 110000.00000000001)]
GRB 050721;1;One-break;0.25;N/A;[]
GRB 050717;2;Oddball;0.33;N/A;[]
GRB 050716;2;Oddball;0.12;N/A;[(163, 193), (347, 511)]
GRB 050714B;1;One-break;0.055;N/A;[(204, 544)]
GRB 050714;0;No breaks;0.47;N/A;[]
GRB 050713B;3;Canonical;0.33;N/A;[]
GRB 050713A;2;Canonical;0.22;N/A;[(78.0, 88.3), (98.1, 221)]
GRB 050712;2;Canonical;0.21;N/A;[(197, 403), (466, 561)]
GRB 050701;0;No breaks;1.6;N/A;[]
GRB 050607;2;Canonical;0.2;N/A;[(138, 565)]
GRB 050603;0;No breaks;0.0239;2.821;[]
GRB 050525A;1;One-break;0.13;0.606;[]
GRB 050520;0;No breaks;0.0131;N/A;[]
GRB 050509B;0;No breaks;0.0163;0.225;[]
GRB 050509A;0;No breaks;0.45;N/A;[]
GRB 050505;2;Oddball;0.0183;4.27;[]
GRB 050504;0;TBD;0.0114;N/A;[]
GRB 050502B;0;No breaks;0.0398;N/A;[(311, 2307), (29300.0, 112000.00000000001)]
GRB 050422;0;No breaks;1.1;N/A;[]
GRB 050421;0;No breaks;0.29;N/A;[]
GRB 050416A;1;One-break;0.0269;0.6535;[]
GRB 050412;0;No breaks;0.0206;N/A;[]
GRB 050410;0;No breaks;0.0967;N/A;[]
GRB 050408;1;One-break;0.0187;1.236;[]
GRB 050406;0;No breaks;0.0197;N/A;[(157, 276)]
GRB 050401;1;One-break;0.0545;2.9;[]
GRB 050326;0;No breaks;0.0464;N/A;[]
GRB 050319;1;One-break;0.0131;3.24;[(234, 376)]
GRB 050318;1;One-break;0.0197;1.44;[]
GRB 050315;4;Canonical;0.0434;1.949;[]
GRB 050223;0;No breaks;0.0937;0.5915;[]
GRB 050219B;0;No breaks;0.033;N/A;[]
GRB 050219A;1;One-break;0.14;N/A;[]
GRB 050215B;0;No breaks;0.0196;N/A;[]
GRB 050128;1;One-break;0.0673;N/A;[]
GRB 050126;0;No breaks;0.055;1.29;[]
GRB 050124;0;No breaks;0.0291;N/A;[]
GRB 041223;0;No breaks;0.14;N/A;[]
GRB 041218;0;TBD;0.42;N/A;[]
